dont_email,dont_call,occupation,received_free_copy,total_site_visit,total_time_spend_on_site,avg_page_view_per_visit,converted,pred_score,lead_status
No,No,Unemployed,No,0.0,0.0,0.0,1,0.570863732622023,Active
No,No,Working Professional,No,0.0,0.0,0.0,1,0.9303922153117223,Active
No,No,Unemployed,Yes,5.0,253.0,5.0,1,0.20390921634716194,Active
No,No,Student,No,0.0,0.0,0.0,0,0.3192413867630558,0
No,No,Unemployed,No,9.0,87.0,4.5,1,0.24551715311397934,Active
No,No,Unemployed,No,2.0,1192.0,2.0,0,0.602877668011323,Active
No,No,Unemployed,Yes,1.0,45.0,1.0,0,0.15678476262709892,0
No,No,Unemployed,No,3.0,1730.0,3.0,0,0.6815934669173531,Active
No,No,Unemployed,No,4.0,1732.0,4.0,0,0.7103826281931213,0
No,No,Unemployed,No,5.0,166.0,5.0,0,0.23986645298797443,Active
No,No,Unemployed,No,3.0,298.0,3.0,0,0.24124875465716986,Active
No,No,Unemployed,No,4.0,1411.0,4.0,0,0.7103826281931213,Active
No,No,Working Professional,Yes,3.0,1083.0,1.5,1,0.9477758454269349,Active
No,No,Working Professional,No,0.0,0.0,0.0,1,0.9303922153117223,1
No,No,Unemployed,No,0.0,0.0,0.0,1,0.570863732622023,Active
No,No,Unemployed,No,6.0,866.0,3.0,0,0.7182913935589265,0
No,No,Working Professional,No,8.0,1775.0,2.67,1,0.9680041241405204,1
No,No,Unemployed,No,4.0,609.0,2.0,0,0.6401040193808075,Active
No,No,Unemployed,No,4.0,1557.0,2.0,1,0.7106466222159207,1
No,No,Unemployed,No,3.0,781.0,3.0,1,0.6750263701034517,1
No,No,Unemployed,Yes,8.0,89.0,2.67,0,0.2277795436139851,Active
No,No,Unemployed,Yes,7.0,231.0,7.0,0,0.20025633469948864,Active
No,No,Working Professional,No,0.0,0.0,0.0,1,0.9303922153117223,1
No,No,Unemployed,No,3.0,1641.0,3.0,0,0.6815934669173531,Active
No,No,Unemployed,Yes,5.0,321.0,2.5,1,0.2221288434879802,1
No,No,Unemployed,No,2.0,371.0,2.0,1,0.2194744737936601,1
No,No,Unemployed,No,3.0,555.0,1.5,1,0.3410391731160582,1
No,No,Unemployed,Yes,6.0,1202.0,3.0,1,0.7343224455418289,Active
No,No,Unemployed,No,0.0,0.0,0.0,1,0.570863732622023,1
No,No,Student,No,0.0,0.0,0.0,1,0.3192413867630558,1
No,No,Unemployed,Yes,7.0,1576.0,7.0,1,0.7251666904477587,1
No,No,Unemployed,No,3.0,1030.0,3.0,1,0.6750263701034517,Active
No,No,Student,Yes,4.0,464.0,2.0,1,0.3199686968877953,Active
No,No,Student,No,0.0,0.0,0.0,0,0.3192413867630558,0
No,No,Unemployed,No,3.0,35.0,3.0,1,0.24124875465716986,1
Yes,No,Unemployed,Yes,1.0,190.0,1.0,0,0.057559963994479345,0
No,No,Unemployed,No,4.0,1659.0,4.0,1,0.7103826281931213,Active
No,No,Unemployed,No,0.0,0.0,0.0,0,0.570863732622023,Active
No,No,Unemployed,No,3.0,186.0,3.0,0,0.24124875465716986,Active
No,No,Unemployed,No,0.0,0.0,0.0,0,0.570863732622023,Active
No,No,Unemployed,Yes,4.0,60.0,2.0,0,0.22052291256949746,Active
No,No,Unemployed,No,0.0,0.0,0.0,0,0.570863732622023,Active
No,No,Working Professional,No,0.0,0.0,0.0,1,0.9303922153117223,1
No,No,Unemployed,Yes,2.0,882.0,2.0,0,0.5636008902669676,Active
No,No,Unemployed,Yes,6.0,208.0,6.0,0,0.20025633469948864,Active
No,No,Unemployed,Yes,5.0,391.0,1.25,0,0.22533983833631402,0
No,No,Unemployed,No,0.0,0.0,0.0,1,0.570863732622023,1
No,No,Unemployed,No,0.0,0.0,0.0,0,0.570863732622023,Active
No,No,Unemployed,No,3.0,98.0,3.0,1,0.24124875465716986,1
No,No,Student,No,0.0,0.0,0.0,0,0.3192413867630558,0
No,No,Unemployed,No,0.0,0.0,0.0,1,0.570863732622023,Active
No,No,Unemployed,No,19.0,265.0,3.8,1,0.24551715311397934,1
No,No,Working Professional,No,0.0,0.0,0.0,1,0.9303922153117223,1
No,No,Unemployed,No,0.0,0.0,0.0,1,0.570863732622023,1
No,No,Working Professional,No,0.0,0.0,0.0,0,0.9303922153117223,0
No,No,Unemployed,Yes,1.0,500.0,1.0,0,0.17446898824532125,Active
No,No,Unemployed,No,0.0,0.0,0.0,0,0.570863732622023,Active
No,No,Unemployed,Yes,7.0,202.0,7.0,0,0.20025633469948864,0
Yes,No,Unemployed,No,0.0,0.0,0.0,1,0.6073985848859194,Active
No,No,Unemployed,No,1.0,132.0,1.0,0,0.20498978615831434,0
No,No,Unemployed,Yes,3.0,360.0,3.0,0,0.20597498624550065,0
No,No,Unemployed,No,5.0,1196.0,5.0,1,0.7103826281931213,1
No,No,Unemployed,Yes,11.0,8.0,1.38,0,0.22590942442893844,Active
No,No,Unemployed,No,0.0,0.0,0.0,1,0.570863732622023,Active
No,No,Unemployed,Yes,3.0,211.0,3.0,0,0.20597498624550065,Active
No,No,Unemployed,No,3.0,1009.0,3.0,1,0.6750263701034517,Active
No,No,Unemployed,No,3.0,176.0,3.0,0,0.24124875465716986,0
No,No,Unemployed,Yes,3.0,1010.0,3.0,1,0.6772707851164194,Active
Yes,No,Unemployed,No,9.0,127.0,4.5,0,0.13552632497141204,0
No,No,Unemployed,No,2.0,127.0,2.0,0,0.2194744737936601,0
No,No,Unemployed,No,0.0,0.0,0.0,0,0.570863732622023,Active
No,No,Unemployed,Yes,1.0,260.0,1.0,0,0.15374983229688324,Active
No,No,Unemployed,No,4.0,678.0,2.0,1,0.6532771913175665,Active
No,No,Unemployed,No,2.0,267.0,1.0,1,0.2194744737936601,1
No,No,Unemployed,No,9.0,1066.0,3.0,1,0.7145290869485186,1
No,No,Unemployed,Yes,7.0,1022.0,2.33,1,0.7334285108182445,1
No,No,Working Professional,Yes,2.0,516.0,2.0,0,0.762423429974635,Active
No,No,Unemployed,No,0.0,0.0,0.0,0,0.570863732622023,Active
No,No,Working Professional,No,0.0,0.0,0.0,1,0.9303922153117223,1
No,No,Unemployed,No,5.0,45.0,5.0,0,0.23986645298797443,Active
No,No,Unemployed,Yes,2.0,179.0,2.0,1,0.1800531430825147,1
No,No,Unemployed,Yes,4.0,298.0,4.0,0,0.20390921634716194,0
No,No,Unemployed,No,4.0,422.0,4.0,0,0.25702800214805105,Active
No,No,Unemployed,No,3.0,306.0,3.0,0,0.24124875465716986,0
No,No,Unemployed,No,0.0,0.0,0.0,0,0.570863732622023,Active
No,No,Unemployed,No,4.0,343.0,4.0,1,0.23453141000446182,1
No,No,Unemployed,No,4.0,816.0,4.0,1,0.7141449348035291,1
No,No,Unemployed,Yes,2.0,1556.0,2.0,1,0.5636008902669676,Active
No,No,Working Professional,Yes,14.0,297.0,7.0,1,0.8303479923235658,1
No,No,Unemployed,No,7.0,1380.0,2.33,1,0.7186535120780553,1
No,No,Unemployed,No,2.0,240.0,2.0,0,0.2194744737936601,Active
No,No,Unemployed,No,2.0,289.0,2.0,0,0.2194744737936601,0
No,No,Unemployed,Yes,12.0,1411.0,6.0,1,0.7334092090431574,1
No,No,Unemployed,Yes,2.0,703.0,2.0,1,0.480427422705089,1
No,No,Unemployed,No,0.0,0.0,0.0,0,0.570863732622023,0
Yes,No,Unemployed,Yes,7.0,1139.0,2.33,0,0.43088931209929165,0
No,No,Student,No,0.0,0.0,0.0,1,0.3192413867630558,1
No,No,Unemployed,No,3.0,26.0,3.0,0,0.24124875465716986,Active
No,No,Unemployed,No,0.0,0.0,0.0,0,0.570863732622023,0
No,No,Unemployed,No,2.0,210.0,2.0,0,0.2194744737936601,0
No,No,Unemployed,No,2.0,683.0,2.0,1,0.5100813562814186,1
Yes,No,Unemployed,No,1.0,1256.0,1.0,0,0.33766497120473055,0
No,No,Unemployed,No,2.0,479.0,2.0,0,0.24534148405151032,Active
No,No,Unemployed,No,0.0,0.0,0.0,1,0.570863732622023,1
No,No,Unemployed,No,1.0,343.0,1.0,0,0.20498978615831434,0
No,No,Unemployed,No,2.0,369.0,2.0,1,0.2194744737936601,Active
No,No,Unemployed,No,3.0,1017.0,3.0,1,0.6750263701034517,1
No,No,Working Professional,No,0.0,0.0,0.0,1,0.9303922153117223,1
No,No,Unemployed,No,2.0,188.0,2.0,1,0.2194744737936601,1
No,No,Unemployed,No,4.0,74.0,4.0,0,0.23453141000446182,Active
No,No,Unemployed,Yes,2.0,558.0,2.0,0,0.2703583863728843,0
No,No,Unemployed,Yes,17.0,380.0,2.83,0,0.24549971406853058,0
Yes,No,Unemployed,No,2.0,165.0,2.0,0,0.10640686947343772,0
No,No,Unemployed,Yes,10.0,1290.0,2.0,1,0.7291084074996177,Active
No,No,Unemployed,No,2.0,31.0,2.0,0,0.22250940412387585,0
No,No,Unemployed,No,3.59771732332708,803.0,2.465630081300813,1,0.7267712968294242,1
No,No,Unemployed,No,3.0,1646.0,3.0,1,0.6815934669173531,1
No,No,Unemployed,Yes,2.0,450.0,2.0,0,0.19108912511252843,0
No,No,Unemployed,No,8.0,1138.0,2.0,1,0.7194229038128968,1
No,No,Businessman,No,4.0,709.0,2.0,0,0.738498539844028,Active
Yes,No,Unemployed,No,1.0,119.0,1.0,0,0.06823032308177092,0
No,No,Working Professional,No,3.0,886.0,3.0,1,0.9389093571010655,Active
No,No,Unemployed,No,0.0,0.0,0.0,0,0.570863732622023,0
No,No,Working Professional,No,0.0,0.0,0.0,1,0.9303922153117223,Active
No,No,Unemployed,Yes,5.0,183.0,2.5,1,0.2221288434879802,Active
Yes,No,Unemployed,Yes,5.0,615.0,2.5,0,0.2981128777329993,0
No,No,Unemployed,Yes,3.0,154.0,3.0,0,0.20597498624550065,0
No,No,Unemployed,Yes,8.0,178.0,4.0,0,0.20955991647316688,0
No,No,Working Professional,No,2.0,1224.0,2.0,1,0.9061633108455013,Active
No,No,Unemployed,No,4.0,690.0,4.0,0,0.6264095241013171,Active
No,No,Unemployed,No,4.0,1082.0,4.0,1,0.7103826281931213,Active
No,No,Unemployed,Yes,3.0,277.0,3.0,0,0.20597498624550065,0
No,No,Unemployed,Yes,5.0,698.0,5.0,1,0.6882046877177793,1
No,No,Unemployed,No,4.0,127.0,2.0,0,0.2511451062267973,0
No,No,Working Professional,Yes,4.0,1768.0,4.0,0,0.9673175679441244,Active
No,No,Unemployed,No,3.0,1199.0,1.0,1,0.6672323021231115,Active
No,No,Unemployed,No,4.0,952.0,1.0,1,0.7181625711792381,1
No,No,Unemployed,Yes,2.0,783.0,2.0,0,0.5636008902669676,Active
No,No,Student,No,3.0,1246.0,3.0,0,0.624548405989121,Active
No,No,Unemployed,No,5.0,1566.0,5.0,0,0.7103826281931213,Active
No,No,Unemployed,No,0.0,0.0,0.0,0,0.570863732622023,0
No,No,Unemployed,No,0.0,0.0,0.0,0,0.570863732622023,0
No,No,Unemployed,No,4.0,549.0,4.0,1,0.3216701750327003,Active
No,No,Unemployed,No,2.0,1208.0,2.0,1,0.602877668011323,1
Yes,No,Unemployed,No,1.0,229.0,1.0,0,0.07132766821451428,Active
No,No,Unemployed,No,5.0,357.0,2.5,0,0.25808608012879264,Active
Yes,No,Unemployed,No,0.0,0.0,0.0,0,0.6073985848859194,0
Yes,No,Unemployed,No,2.0,239.0,2.0,0,0.10950421460618107,0
No,No,Unemployed,No,2.0,1520.0,2.0,1,0.602877668011323,Active
No,No,Working Professional,No,3.0,449.0,3.0,1,0.8356322993540417,Active
No,No,Unemployed,No,8.0,931.0,2.0,1,0.7231852104233046,1
No,No,Unemployed,No,0.0,0.0,0.0,0,0.570863732622023,Active
No,No,Unemployed,No,5.0,16.0,5.0,1,0.23986645298797443,Active
No,No,Unemployed,No,0.0,0.0,0.0,0,0.570863732622023,0
No,No,Unemployed,Yes,4.0,300.0,4.0,1,0.20390921634716194,1
No,No,Unemployed,No,4.0,1167.0,1.33,1,0.7181625711792381,1
No,No,Unemployed,No,1.0,28.0,1.0,0,0.20802471648853005,Active
No,No,Unemployed,Yes,6.0,90.0,3.0,0,0.20390921634716194,Active
No,No,Student,No,3.0,899.0,3.0,1,0.624548405989121,Active
No,No,Unemployed,No,0.0,0.0,0.0,1,0.570863732622023,1
Yes,No,Unemployed,Yes,3.0,1234.0,3.0,0,0.4309715462460769,Active
No,No,Unemployed,No,0.0,0.0,0.0,1,0.570863732622023,Active
No,No,Unemployed,Yes,3.0,96.0,3.0,1,0.20597498624550065,1
No,No,Unemployed,No,6.0,369.0,6.0,0,0.23621357134030113,Active
No,No,Working Professional,Yes,11.0,2069.0,5.5,1,0.9793637076494232,Active
No,No,Unemployed,Yes,17.0,1439.0,3.4,0,0.7384185053818303,Active
No,No,Student,No,0.0,0.0,0.0,1,0.3192413867630558,Active
No,No,Unemployed,No,0.0,0.0,0.0,0,0.570863732622023,0
No,No,Unemployed,Yes,2.0,198.0,2.0,0,0.1800531430825147,0
No,No,Unemployed,Yes,3.0,1421.0,3.0,0,0.6772707851164194,0
No,No,Student,No,4.0,77.0,2.0,0,0.3098291690390721,0
No,No,Unemployed,Yes,11.0,127.0,3.67,0,0.20955991647316688,0
No,No,Unemployed,Yes,3.0,1292.0,3.0,0,0.6772707851164194,0
No,No,Unemployed,Yes,5.0,1027.0,5.0,1,0.7301759867864316,1
No,No,Unemployed,Yes,4.0,66.0,1.33,0,0.2087042894192117,Active
Yes,No,Unemployed,Yes,15.0,239.0,3.75,0,0.11375131472603857,0
No,No,Unemployed,No,3.0,1301.0,1.5,1,0.6506712531520715,Active
Yes,No,Unemployed,No,3.59771732332708,926.0,2.465630081300813,0,0.4945327349328784,Active
No,No,Unemployed,No,0.0,0.0,0.0,1,0.570863732622023,Active
No,No,Unemployed,No,11.0,1337.0,2.2,1,0.7446162011279995,1
No,No,Unemployed,Yes,7.0,130.0,1.4,0,0.21748057101618784,Active
No,No,Unemployed,Yes,2.0,138.0,2.0,1,0.1800531430825147,1
No,No,Unemployed,No,3.59771732332708,1131.0,2.465630081300813,1,0.7230089902190163,1
No,No,Unemployed,Yes,3.0,330.0,3.0,0,0.20597498624550065,Active
No,No,Unemployed,No,3.0,658.0,3.0,0,0.5872909594012397,Active
No,No,Unemployed,Yes,3.0,415.0,3.0,0,0.20597498624550065,Active
No,No,Unemployed,Yes,2.0,1360.0,2.0,0,0.5636008902669676,0
No,No,Unemployed,Yes,5.0,472.0,5.0,0,0.24259698742912428,Active
No,No,Working Professional,No,0.0,0.0,0.0,1,0.9303922153117223,1
No,No,Unemployed,No,0.0,0.0,0.0,0,0.570863732622023,Active
No,No,Unemployed,Yes,2.0,398.0,2.0,0,0.1800531430825147,0
No,No,Unemployed,No,5.0,1176.0,5.0,0,0.7103826281931213,0
No,No,Unemployed,Yes,5.0,582.0,2.5,0,0.5159057729916732,Active
No,No,Unemployed,No,4.0,1455.0,4.0,0,0.7103826281931213,0
No,No,Unemployed,No,3.0,1576.0,3.0,0,0.6750263701034517,Active
No,No,Unemployed,No,0.0,0.0,0.0,1,0.570863732622023,1
No,No,Unemployed,Yes,3.0,164.0,3.0,0,0.20597498624550065,Active
No,No,Unemployed,Yes,5.0,363.0,2.5,0,0.2221288434879802,0
No,No,Unemployed,Yes,2.0,132.0,2.0,0,0.1800531430825147,Active
No,No,Unemployed,Yes,4.0,793.0,4.0,0,0.7214256543675169,Active
No,No,Unemployed,No,2.0,1697.0,2.0,0,0.6094447648252245,0
No,No,Unemployed,No,5.0,132.0,5.0,0,0.23986645298797443,0
No,No,Working Professional,No,4.0,1046.0,4.0,1,0.9689903702588154,1
Yes,No,Unemployed,No,2.0,18.0,2.0,0,0.1094417998036534,Active
Yes,No,Unemployed,No,5.0,25.0,5.0,0,0.12987562484540713,Active
Yes,No,Unemployed,No,1.0,495.0,1.0,0,0.08530092911675977,Active
No,No,Student,No,0.0,0.0,0.0,0,0.3192413867630558,0
No,No,Unemployed,Yes,7.0,359.0,7.0,0,0.20025633469948864,Active
No,No,Unemployed,No,8.0,180.0,2.67,0,0.2637367802547976,Active
No,No,Working Professional,No,4.0,653.0,2.0,1,0.9183125278063304,Active
No,No,Working Professional,Yes,4.0,2094.0,4.0,1,0.9673175679441244,Active
No,No,Unemployed,Yes,6.0,275.0,3.0,0,0.20390921634716194,0
Yes,No,Unemployed,Yes,8.0,77.0,8.0,0,0.12139958362838292,Active
No,No,Unemployed,No,0.0,0.0,0.0,0,0.570863732622023,Active
No,No,Unemployed,Yes,5.0,1269.0,2.5,1,0.7209200396360761,1
No,No,Unemployed,No,0.0,0.0,0.0,0,0.570863732622023,0
Yes,No,Unemployed,No,5.0,1369.0,2.5,0,0.46429563229516024,0
Yes,No,Unemployed,Yes,4.0,42.0,4.0,0,0.10500326946729029,Active
No,No,Unemployed,No,0.0,0.0,0.0,0,0.570863732622023,Active
No,No,Unemployed,No,0.0,0.0,0.0,0,0.570863732622023,Active
No,No,Unemployed,No,13.0,1725.0,3.25,1,0.7227716055439173,Active
No,No,Working Professional,No,0.0,0.0,0.0,1,0.9303922153117223,1
No,No,Unemployed,No,0.0,0.0,0.0,1,0.570863732622023,Active
No,No,Unemployed,No,2.0,636.0,1.0,1,0.530874296197599,Active
No,No,Unemployed,No,4.0,266.0,2.0,1,0.2511451062267973,Active
No,No,Student,No,0.0,0.0,0.0,0,0.3192413867630558,Active
No,No,Unemployed,No,0.0,0.0,0.0,1,0.570863732622023,Active
No,No,Unemployed,No,16.0,1059.0,3.2,1,0.7227716055439173,Active
No,No,Working Professional,No,8.0,1391.0,2.67,1,0.9805865690796323,1
No,No,Unemployed,Yes,5.0,60.0,1.67,0,0.22052291256949746,Active
No,No,Unemployed,No,2.0,334.0,2.0,0,0.2194744737936601,0
No,No,Working Professional,Yes,5.0,1540.0,2.5,1,0.9901659563527504,1
No,No,Unemployed,Yes,7.0,1123.0,7.0,1,0.7251666904477587,1
No,No,Unemployed,Yes,10.0,1026.0,10.0,1,0.7251666904477587,Active
No,No,Unemployed,No,3.0,55.0,3.0,0,0.24124875465716986,0
No,No,Unemployed,No,2.0,77.0,2.0,0,0.2194744737936601,0
No,No,Unemployed,No,3.59771732332708,992.0,2.465630081300813,1,0.7230089902190163,1
No,No,Unemployed,No,3.0,1329.0,3.0,1,0.6750263701034517,1
No,No,Unemployed,No,0.0,0.0,0.0,1,0.570863732622023,Active
No,No,Working Professional,Yes,3.0,605.0,3.0,0,0.8606038900107759,0
No,No,Working Professional,No,0.0,0.0,0.0,1,0.9303922153117223,1
No,No,Unemployed,No,3.0,837.0,3.0,1,0.6750263701034517,Active
No,No,Unemployed,Yes,6.0,104.0,3.0,1,0.20390921634716194,1
No,No,Unemployed,No,0.0,0.0,0.0,1,0.570863732622023,Active
No,No,Unemployed,No,0.0,0.0,0.0,0,0.570863732622023,Active
No,No,Unemployed,Yes,4.0,1524.0,4.0,1,0.7301759867864316,1
No,No,Student,Yes,1.0,496.0,1.0,1,0.19250367845177715,Active
No,No,Student,Yes,3.0,521.0,3.0,1,0.3547822620680807,Active
No,No,Unemployed,Yes,2.0,12.0,2.0,0,0.18308807341273042,0
No,No,Unemployed,No,4.0,338.0,4.0,1,0.23453141000446182,1
No,No,Unemployed,Yes,6.0,86.0,6.0,1,0.20025633469948864,1
Yes,No,Unemployed,No,0.0,0.0,0.0,0,0.6073985848859194,0
No,No,Unemployed,Yes,3.0,150.0,3.0,0,0.20597498624550065,0
No,No,Unemployed,No,0.0,0.0,0.0,0,0.570863732622023,0
No,No,Unemployed,No,0.0,0.0,0.0,0,0.570863732622023,0
No,No,Unemployed,No,3.0,214.0,3.0,0,0.24124875465716986,Active
No,No,Student,No,0.0,0.0,0.0,1,0.3192413867630558,1
No,No,Unemployed,Yes,4.0,131.0,4.0,0,0.20390921634716194,Active
No,No,Unemployed,No,3.0,730.0,3.0,1,0.6499943942562489,Active
No,No,Unemployed,Yes,2.0,34.0,2.0,0,0.18308807341273042,Active
No,No,Unemployed,Yes,7.0,144.0,7.0,1,0.20025633469948864,Active
No,No,Unemployed,No,3.0,114.0,3.0,0,0.24124875465716986,Active
No,No,Unemployed,No,1.0,1247.0,1.0,1,0.6020789308441931,1
No,No,Unemployed,Yes,3.0,1662.0,3.0,1,0.6838378819303209,Active
No,No,Unemployed,No,4.0,763.0,2.0,1,0.6893769529791258,1
No,No,Unemployed,No,4.0,128.0,4.0,0,0.23453141000446182,Active
No,No,Unemployed,Yes,4.0,1382.0,2.0,0,0.7203321259026416,0
No,No,Unemployed,Yes,2.0,47.0,2.0,0,0.18308807341273042,Active
No,No,Working Professional,Yes,6.0,959.0,2.0,1,0.9846739956684875,Active
No,No,Unemployed,No,2.0,1142.0,1.0,1,0.6311865568908208,Active
No,No,Unemployed,Yes,3.0,73.0,3.0,0,0.20597498624550065,0
No,No,Unemployed,No,3.59771732332708,74.0,2.465630081300813,0,0.25910861490569986,0
No,No,Unemployed,No,2.0,1370.0,2.0,0,0.602877668011323,Active
No,No,Unemployed,Yes,1.0,1106.0,1.0,1,0.531411596853345,Active
No,No,Unemployed,No,4.0,391.0,4.0,1,0.23453141000446182,Active
Yes,No,Unemployed,Yes,4.0,1055.0,4.0,1,0.44550495329916207,1
No,No,Businessman,No,0.0,0.0,0.0,0,0.6693003407159115,0
No,No,Unemployed,No,9.0,285.0,4.5,0,0.24551715311397934,0
Yes,No,Unemployed,Yes,4.0,1193.0,4.0,0,0.44550495329916207,Active
No,No,Student,No,5.0,459.0,5.0,0,0.41261029150005896,0
Yes,No,Unemployed,Yes,4.0,426.0,4.0,0,0.11414786790612122,Active
No,No,Unemployed,No,0.0,0.0,0.0,0,0.570863732622023,0
No,No,Unemployed,No,3.0,50.0,3.0,0,0.24124875465716986,0
No,No,Student,No,4.0,432.0,4.0,0,0.38112941518321297,0
No,No,Unemployed,No,2.0,60.0,2.0,0,0.22250940412387585,0
No,No,Unemployed,No,1.0,16.0,1.0,0,0.20802471648853005,0
No,No,Working Professional,No,6.0,761.0,3.0,1,0.9652713539153334,1
No,No,Unemployed,Yes,2.0,353.0,2.0,0,0.1800531430825147,Active
No,No,Unemployed,Yes,2.0,1163.0,2.0,0,0.5636008902669676,Active
No,No,Unemployed,No,6.0,1.0,6.0,0,0.23621357134030113,0
No,No,Unemployed,No,1.0,1203.0,1.0,1,0.6020789308441931,Active
No,No,Student,No,4.0,1237.0,4.0,1,0.6543506894525936,Active
No,No,Unemployed,No,0.0,0.0,0.0,1,0.570863732622023,1
No,No,Working Professional,No,0.0,0.0,0.0,1,0.9303922153117223,1
No,No,Unemployed,No,0.0,0.0,0.0,0,0.570863732622023,Active
No,No,Unemployed,No,3.0,200.0,1.5,0,0.2511222548010739,0
No,No,Unemployed,Yes,3.0,428.0,3.0,0,0.2233237240796777,0
No,No,Unemployed,Yes,6.0,397.0,6.0,0,0.20025633469948864,0
No,No,Unemployed,No,7.0,448.0,2.33,0,0.2985961093621627,0
No,No,Unemployed,No,5.0,727.0,5.0,1,0.6742253185068882,Active
No,No,Unemployed,No,0.0,0.0,0.0,0,0.570863732622023,0
No,No,Working Professional,No,2.0,856.0,2.0,1,0.9416101707488828,1
No,No,Unemployed,No,0.0,0.0,0.0,0,0.570863732622023,0
No,No,Unemployed,Yes,7.0,260.0,7.0,0,0.20025633469948864,0
No,No,Working Professional,Yes,5.0,185.0,2.5,1,0.7942693538048586,1
No,No,Unemployed,Yes,2.0,532.0,2.0,0,0.22800900940848284,Active
No,No,Unemployed,Yes,5.0,738.0,5.0,1,0.7214256543675169,1
No,No,Unemployed,Yes,3.0,519.0,3.0,0,0.29585780103832643,Active
No,No,Unemployed,Yes,1.0,353.0,1.0,0,0.15374983229688324,0
No,No,Unemployed,No,2.0,391.0,2.0,0,0.2194744737936601,0
No,No,Working Professional,Yes,4.0,1137.0,1.33,1,0.9819901390786818,Active
No,No,Unemployed,Yes,2.0,1213.0,2.0,0,0.5636008902669676,0
No,No,Unemployed,Yes,5.0,1347.0,2.5,1,0.7209200396360761,Active
No,No,Unemployed,Yes,5.0,992.0,1.25,1,0.7291346839737971,1
No,No,Unemployed,No,6.0,169.0,6.0,0,0.23621357134030113,Active
No,No,Unemployed,Yes,7.0,467.0,7.0,1,0.2292609318630266,1
No,No,Unemployed,No,5.0,358.0,5.0,0,0.23986645298797443,Active
No,No,Unemployed,No,0.0,0.0,0.0,0,0.570863732622023,0
No,No,Unemployed,No,2.0,555.0,2.0,0,0.28864462368837435,Active
No,No,Unemployed,Yes,1.0,2.0,1.0,0,0.15678476262709892,0
No,No,Unemployed,Yes,3.0,1679.0,1.5,1,0.6493749100723514,1
No,No,Unemployed,Yes,2.0,199.0,2.0,0,0.1800531430825147,Active
No,No,Unemployed,Yes,14.0,1747.0,1.27,0,0.7331116885005372,0
No,No,Unemployed,No,27.0,340.0,3.38,0,0.24551715311397934,0
No,No,Unemployed,No,0.0,0.0,0.0,1,0.570863732622023,1
No,No,Working Professional,No,2.0,221.0,2.0,0,0.6716480329931712,Active
No,No,Unemployed,No,2.0,121.0,2.0,0,0.2194744737936601,Active
No,No,Unemployed,Yes,8.0,978.0,2.0,1,0.7291084074996177,Active
No,No,Working Professional,No,0.0,0.0,0.0,1,0.9303922153117223,Active
No,No,Unemployed,Yes,4.0,921.0,4.0,1,0.7339382933968395,1
No,No,Unemployed,No,0.0,0.0,0.0,1,0.570863732622023,Active
Yes,No,Unemployed,No,5.0,17.0,5.0,0,0.12987562484540713,Active
No,No,Unemployed,Yes,28.0,340.0,4.0,0,0.20955991647316688,Active
Yes,No,Unemployed,Yes,15.0,77.0,2.14,0,0.14538053189454128,Active
No,No,Student,Yes,2.0,1420.0,2.0,0,0.6069450919210249,0
No,No,Unemployed,No,3.0,1545.0,3.0,1,0.6750263701034517,Active
No,No,Student,Yes,2.0,437.0,2.0,0,0.22023643737277637,Active
No,No,Unemployed,Yes,3.0,4.0,3.0,0,0.20597498624550065,0
No,No,Working Professional,No,3.0,1270.0,3.0,1,0.9421920053944051,1
No,No,Unemployed,No,0.0,0.0,0.0,0,0.570863732622023,Active
No,No,Unemployed,Yes,7.0,1780.0,7.0,1,0.7251666904477587,1
No,No,Unemployed,No,3.0,389.0,3.0,0,0.24124875465716986,0
No,No,Unemployed,Yes,5.0,1340.0,1.67,0,0.7203321259026416,Active
No,No,Unemployed,Yes,2.0,1095.0,2.0,1,0.5636008902669676,1
No,No,Unemployed,Yes,2.0,1744.0,2.0,1,0.570167987080869,Active
No,No,Unemployed,Yes,2.0,640.0,2.0,1,0.480427422705089,1
Yes,No,Student,No,1.0,496.0,1.0,0,0.13141137926943106,Active
Yes,No,Unemployed,Yes,7.0,166.0,7.0,0,0.10500326946729029,0
No,No,Unemployed,Yes,4.0,204.0,4.0,0,0.20390921634716194,0
No,No,Unemployed,No,5.0,169.0,2.5,0,0.25808608012879264,Active
No,No,Unemployed,No,5.0,284.0,2.5,1,0.25808608012879264,Active
No,No,Unemployed,No,3.0,201.0,3.0,0,0.24124875465716986,0
No,No,Unemployed,No,6.0,356.0,3.0,0,0.23986645298797443,Active
No,No,Unemployed,Yes,7.0,85.0,3.5,0,0.20390921634716194,0
No,No,Unemployed,No,4.0,417.0,4.0,0,0.23453141000446182,Active
No,No,Unemployed,No,1.0,534.0,1.0,0,0.25809350679369464,Active
No,No,Unemployed,Yes,8.0,50.0,2.67,0,0.2277795436139851,Active
No,No,Unemployed,No,3.0,457.0,3.0,0,0.27540120613012,0
No,No,Unemployed,No,3.0,80.0,1.5,0,0.2511222548010739,0
No,No,Unemployed,No,4.0,67.0,4.0,0,0.23453141000446182,Active
No,No,Unemployed,No,0.0,0.0,0.0,0,0.570863732622023,Active
No,No,Unemployed,No,2.0,51.0,2.0,0,0.22250940412387585,Active
No,No,Unemployed,No,0.0,0.0,0.0,1,0.570863732622023,1
No,No,Student,No,5.0,1548.0,1.0,0,0.677654874523329,Active
No,No,Unemployed,Yes,2.0,183.0,2.0,0,0.1800531430825147,Active
No,No,Unemployed,No,2.0,247.0,2.0,0,0.2194744737936601,0
No,No,Working Professional,No,0.0,0.0,0.0,1,0.9303922153117223,Active
No,No,Unemployed,No,2.0,129.0,2.0,0,0.2194744737936601,Active
No,No,Student,No,4.0,786.0,4.0,1,0.6581129960630014,1
No,No,Working Professional,Yes,6.0,1016.0,3.0,1,0.9930010451323408,Active
Yes,No,Unemployed,No,4.0,1452.0,4.0,1,0.47267967834779184,1
No,No,Unemployed,No,0.0,0.0,0.0,1,0.570863732622023,Active
No,No,Unemployed,No,3.0,174.0,3.0,0,0.24124875465716986,Active
No,No,Unemployed,Yes,3.0,1051.0,3.0,1,0.6772707851164194,1
No,No,Unemployed,Yes,2.0,1638.0,2.0,1,0.570167987080869,Active
No,No,Unemployed,No,5.0,31.0,2.5,0,0.25808608012879264,Active
No,No,Unemployed,No,6.0,385.0,6.0,1,0.23621357134030113,1
No,No,Unemployed,No,0.0,0.0,0.0,0,0.570863732622023,Active
No,No,Unemployed,No,7.0,1939.0,2.33,0,0.7186535120780553,0
No,No,Unemployed,No,4.0,904.0,4.0,1,0.7141449348035291,Active
No,No,Working Professional,Yes,2.0,1122.0,1.0,1,0.9512137145504879,Active
No,No,Unemployed,No,2.0,186.0,2.0,0,0.2194744737936601,0
No,No,Student,No,7.0,1149.0,3.5,1,0.680496522785927,Active
No,No,Unemployed,Yes,5.0,198.0,5.0,0,0.20390921634716194,0
No,No,Unemployed,No,0.0,0.0,0.0,1,0.570863732622023,Active
No,No,Unemployed,Yes,8.0,252.0,2.67,1,0.2277795436139851,1
No,No,Unemployed,No,0.0,0.0,0.0,1,0.570863732622023,Active
No,No,Unemployed,No,4.0,346.0,4.0,0,0.23453141000446182,Active
No,No,Unemployed,No,1.0,200.0,1.0,0,0.20498978615831434,0
No,No,Unemployed,No,0.0,0.0,0.0,1,0.570863732622023,1
No,No,Unemployed,No,5.0,1841.0,5.0,0,0.7103826281931213,0
No,No,Unemployed,Yes,3.0,224.0,3.0,0,0.20597498624550065,Active
No,No,Unemployed,Yes,7.0,319.0,7.0,0,0.20025633469948864,Active
Yes,No,Unemployed,No,3.0,949.0,3.0,1,0.4766852541960289,Active
No,No,Unemployed,Yes,2.0,80.0,2.0,0,0.1800531430825147,Active
No,No,Working Professional,No,5.0,959.0,2.5,1,0.978987565381652,1
No,No,Unemployed,No,4.0,358.0,4.0,0,0.23453141000446182,0
Yes,No,Unemployed,No,2.0,759.0,1.0,1,0.25138235162028116,1
No,No,Unemployed,Yes,5.0,104.0,2.5,0,0.2221288434879802,0
No,No,Unemployed,No,2.0,702.0,2.0,0,0.5100813562814186,Active
No,No,Unemployed,No,4.0,92.0,4.0,0,0.23453141000446182,0
No,No,Unemployed,No,3.0,831.0,3.0,1,0.6750263701034517,1
No,No,Unemployed,Yes,6.0,945.0,6.0,1,0.7289289970581666,1
No,No,Working Professional,Yes,3.0,1102.0,3.0,1,0.9445456039833517,1
No,No,Unemployed,Yes,2.0,298.0,2.0,0,0.1800531430825147,Active
No,No,Unemployed,No,3.0,1007.0,1.5,1,0.6506712531520715,1
No,No,Unemployed,No,5.0,13.0,1.25,0,0.2731156981274122,Active
No,No,Unemployed,No,4.0,188.0,4.0,0,0.23453141000446182,0
No,No,Unemployed,No,17.0,71.0,3.4,0,0.24551715311397934,Active
No,No,Unemployed,No,2.0,24.0,2.0,0,0.22250940412387585,0
No,No,Unemployed,No,0.0,0.0,0.0,1,0.570863732622023,Active
No,No,Unemployed,No,0.0,0.0,0.0,0,0.570863732622023,0
No,No,Unemployed,No,4.0,12.0,1.33,0,0.2511451062267973,Active
No,No,Unemployed,No,3.0,1288.0,3.0,1,0.6750263701034517,1
No,No,Unemployed,Yes,4.0,345.0,4.0,0,0.20390921634716194,Active
No,No,Working Professional,No,0.0,0.0,0.0,1,0.9303922153117223,Active
No,No,Working Professional,No,0.0,0.0,0.0,1,0.9303922153117223,Active
No,No,Unemployed,No,0.0,0.0,0.0,1,0.570863732622023,1
No,No,Unemployed,Yes,2.0,46.0,2.0,0,0.18308807341273042,Active
No,No,Unemployed,Yes,8.0,1851.0,8.0,0,0.7251666904477587,Active
No,No,Unemployed,Yes,5.0,781.0,5.0,1,0.7214256543675169,1
No,No,Unemployed,No,0.0,0.0,0.0,1,0.570863732622023,1
No,No,Working Professional,No,5.0,1536.0,5.0,1,0.9841169951435761,Active
No,No,Unemployed,No,3.0,87.0,3.0,0,0.24124875465716986,0
No,No,Unemployed,No,0.0,0.0,0.0,1,0.570863732622023,Active
No,No,Unemployed,Yes,2.0,1995.0,2.0,0,0.570167987080869,0
No,No,Unemployed,No,4.0,1346.0,2.0,1,0.7106466222159207,1
No,No,Unemployed,No,3.0,60.0,3.0,0,0.24124875465716986,0
No,No,Unemployed,Yes,6.0,895.0,6.0,1,0.7289289970581666,1
No,No,Working Professional,Yes,5.0,586.0,5.0,1,0.9378478882289164,Active
No,No,Unemployed,No,7.0,229.0,3.5,0,0.23986645298797443,0
No,No,Working Professional,Yes,3.0,644.0,3.0,1,0.91010653967519,Active
No,No,Unemployed,No,0.0,0.0,0.0,0,0.570863732622023,0
No,No,Unemployed,No,4.0,10.0,2.0,0,0.2511451062267973,Active
No,No,Unemployed,No,2.0,26.0,1.0,1,0.22250940412387585,Active
No,No,Unemployed,No,4.0,1965.0,4.0,0,0.7103826281931213,Active
No,No,Unemployed,No,0.0,0.0,0.0,1,0.570863732622023,1
No,No,Unemployed,No,0.0,0.0,0.0,1,0.570863732622023,Active
No,No,Unemployed,No,4.0,700.0,4.0,0,0.6530131972947669,0
No,No,Unemployed,No,0.0,0.0,0.0,0,0.570863732622023,Active
No,No,Working Professional,No,0.0,0.0,0.0,1,0.9303922153117223,1
No,No,Unemployed,No,4.0,307.0,4.0,0,0.23453141000446182,0
No,No,Unemployed,No,0.0,0.0,0.0,0,0.570863732622023,Active
No,No,Unemployed,No,0.0,0.0,0.0,0,0.570863732622023,Active
No,No,Unemployed,No,0.0,0.0,0.0,1,0.570863732622023,1
No,No,Unemployed,Yes,2.0,480.0,2.0,0,0.20077229903095276,0
No,No,Unemployed,Yes,4.0,921.0,2.0,1,0.7240944325130495,Active
No,No,Unemployed,No,6.0,295.0,6.0,1,0.23621357134030113,Active
No,No,Unemployed,No,4.0,95.0,4.0,1,0.23453141000446182,Active
No,No,Unemployed,No,2.0,803.0,2.0,1,0.602877668011323,1
No,No,Working Professional,Yes,3.0,1264.0,3.0,1,0.9445456039833517,Active
No,No,Unemployed,No,5.0,1004.0,2.5,0,0.7061450408958871,Active
No,No,Unemployed,No,11.0,565.0,2.75,0,0.5068002134528429,0
No,No,Unemployed,No,2.0,1387.0,2.0,1,0.602877668011323,1
No,No,Unemployed,Yes,2.0,222.0,2.0,0,0.1800531430825147,Active
No,No,Unemployed,No,5.0,1156.0,1.25,0,0.7181625711792381,0
No,No,Unemployed,No,2.0,1816.0,2.0,0,0.6094447648252245,Active
No,No,Unemployed,Yes,3.0,765.0,3.0,1,0.6647581460870968,1
No,No,Unemployed,No,5.0,740.0,2.5,0,0.6848753716590921,0
No,No,Unemployed,Yes,23.0,194.0,11.5,0,0.20590703482549358,0
No,No,Unemployed,No,2.0,113.0,2.0,0,0.2194744737936601,Active
No,No,Unemployed,Yes,2.0,252.0,2.0,0,0.1800531430825147,0
No,No,Unemployed,Yes,3.0,1223.0,3.0,1,0.6772707851164194,1
Yes,No,Unemployed,No,2.0,453.0,2.0,0,0.12347747550842651,0
No,No,Unemployed,No,2.0,1602.0,2.0,0,0.602877668011323,Active
No,No,Unemployed,No,7.0,866.0,7.0,1,0.7091356384648564,Active
No,No,Unemployed,No,2.0,517.0,2.0,0,0.2639917569887348,Active
No,No,Unemployed,No,0.0,0.0,0.0,0,0.570863732622023,Active
No,No,Working Professional,No,6.0,1332.0,2.0,1,0.9759669012774804,1
No,No,Unemployed,No,5.0,164.0,2.5,0,0.25808608012879264,Active
No,No,Unemployed,No,5.0,51.0,2.5,0,0.25808608012879264,0
No,No,Unemployed,Yes,5.0,320.0,5.0,1,0.20390921634716194,Active
No,No,Unemployed,No,6.0,198.0,6.0,0,0.23621357134030113,Active
No,No,Working Professional,Yes,2.0,1439.0,2.0,1,0.9397888489388156,Active
No,No,Unemployed,No,4.0,46.0,2.0,0,0.2511451062267973,Active
Yes,No,Unemployed,Yes,5.0,623.0,5.0,0,0.308526688807284,0
No,No,Unemployed,No,0.0,0.0,0.0,1,0.570863732622023,Active
No,No,Unemployed,No,0.0,0.0,0.0,1,0.570863732622023,1
No,No,Unemployed,Yes,8.0,1286.0,4.0,1,0.7301759867864316,Active
No,No,Unemployed,No,0.0,0.0,0.0,0,0.570863732622023,0
No,No,Unemployed,No,2.0,416.0,1.0,0,0.2194744737936601,0
No,No,Unemployed,No,3.0,515.0,3.0,0,0.3037346529857688,Active
No,No,Unemployed,No,2.0,242.0,2.0,0,0.2194744737936601,Active
No,No,Unemployed,No,5.0,91.0,2.5,0,0.25808608012879264,0
No,No,Unemployed,No,3.59771732332708,19.0,2.465630081300813,0,0.25910861490569986,Active
No,No,Student,Yes,7.0,1762.0,1.4,1,0.7068935759058033,1
No,No,Unemployed,No,2.0,923.0,1.0,1,0.6311865568908208,Active
No,No,Unemployed,No,0.0,0.0,0.0,1,0.570863732622023,Active
No,No,Unemployed,No,3.0,129.0,3.0,0,0.24124875465716986,0
No,No,Unemployed,No,3.0,342.0,3.0,1,0.24124875465716986,Active
No,No,Unemployed,Yes,4.0,271.0,4.0,0,0.20390921634716194,Active
No,No,Unemployed,Yes,4.0,148.0,4.0,0,0.20390921634716194,Active
No,No,Unemployed,No,0.0,0.0,0.0,1,0.570863732622023,Active
No,No,Unemployed,No,23.0,1295.0,3.29,1,0.71862514678852,Active
No,No,Unemployed,Yes,1.0,273.0,1.0,0,0.15374983229688324,Active
No,No,Working Professional,No,8.0,491.0,2.67,0,0.8534109163555543,Active
No,No,Unemployed,No,0.0,0.0,0.0,1,0.570863732622023,Active
No,No,Unemployed,No,0.0,0.0,0.0,1,0.570863732622023,1
No,No,Unemployed,Yes,4.0,1000.0,2.0,1,0.7203321259026416,1
Yes,No,Unemployed,No,11.0,319.0,11.0,0,0.14936928413924316,Active
Yes,No,Unemployed,Yes,6.0,139.0,6.0,0,0.10500326946729029,0
No,No,Unemployed,No,4.0,1663.0,4.0,0,0.7103826281931213,0
No,No,Unemployed,No,5.0,178.0,5.0,1,0.23986645298797443,Active
No,No,Unemployed,No,13.0,54.0,6.5,0,0.24186427146630604,0
No,No,Unemployed,No,3.0,1516.0,3.0,1,0.6750263701034517,Active
Yes,No,Unemployed,Yes,7.0,38.0,7.0,0,0.10500326946729029,0
No,No,Unemployed,Yes,13.0,217.0,4.33,0,0.20955991647316688,0
No,No,Unemployed,No,4.0,178.0,4.0,0,0.23453141000446182,Active
Yes,No,Unemployed,No,2.0,321.0,2.0,0,0.10950421460618107,Active
No,No,Unemployed,Yes,20.0,1334.0,2.0,0,0.7373509260950164,Active
No,No,Working Professional,No,5.0,938.0,5.0,1,0.9825179914455958,1
No,No,Unemployed,No,0.0,0.0,0.0,1,0.570863732622023,Active
No,No,Unemployed,Yes,3.0,694.0,3.0,0,0.6315371794373593,0
No,No,Unemployed,No,3.0,1563.0,1.5,1,0.6506712531520715,Active
No,No,Unemployed,Yes,2.0,1492.0,2.0,0,0.5636008902669676,0
No,No,Unemployed,No,3.0,51.0,3.0,1,0.24124875465716986,1
No,No,Unemployed,No,4.0,1521.0,4.0,1,0.7103826281931213,1
No,No,Unemployed,Yes,6.0,406.0,3.0,0,0.20390921634716194,0
No,No,Working Professional,No,4.0,906.0,4.0,1,0.9689903702588154,Active
No,No,Unemployed,Yes,2.0,402.0,2.0,0,0.1800531430825147,0
No,No,Unemployed,Yes,2.0,1245.0,2.0,0,0.5636008902669676,0
No,No,Unemployed,Yes,4.0,1652.0,4.0,1,0.7301759867864316,1
No,No,Unemployed,Yes,6.0,280.0,3.0,0,0.20390921634716194,0
Yes,No,Unemployed,No,2.0,267.0,2.0,0,0.10950421460618107,0
No,No,Unemployed,No,3.0,512.0,3.0,1,0.2850843800485444,Active
No,No,Unemployed,No,2.0,1237.0,1.0,0,0.6311865568908208,0
No,No,Unemployed,No,0.0,0.0,0.0,1,0.570863732622023,Active
No,No,Unemployed,No,9.0,367.0,2.25,0,0.2700943580152174,0
No,No,Student,Yes,8.0,61.0,8.0,0,0.38044199322676253,0
No,No,Unemployed,Yes,2.0,1099.0,2.0,1,0.5636008902669676,1
No,No,Unemployed,Yes,7.0,481.0,2.33,0,0.2671741923303623,Active
No,No,Unemployed,No,0.0,0.0,0.0,0,0.570863732622023,Active
No,No,Unemployed,No,9.0,1033.0,9.0,1,0.7053733318544486,Active
No,No,Unemployed,No,0.0,0.0,0.0,0,0.570863732622023,0
No,No,Unemployed,No,0.0,0.0,0.0,1,0.570863732622023,Active
No,No,Unemployed,Yes,2.0,96.0,2.0,0,0.1800531430825147,0
No,No,Unemployed,No,8.0,1329.0,4.0,1,0.7103826281931213,Active
No,No,Unemployed,No,3.0,1489.0,3.0,0,0.6750263701034517,Active
No,No,Unemployed,Yes,5.0,1149.0,5.0,1,0.7301759867864316,Active
No,No,Unemployed,No,8.0,1016.0,4.0,1,0.7103826281931213,Active
No,No,Unemployed,No,2.0,1069.0,2.0,1,0.602877668011323,1
No,No,Unemployed,No,8.0,87.0,2.0,0,0.2736852842200367,0
Yes,No,Unemployed,No,0.0,0.0,0.0,0,0.6073985848859194,0
No,No,Unemployed,No,0.0,0.0,0.0,1,0.570863732622023,1
No,No,Unemployed,Yes,2.0,155.0,2.0,0,0.1800531430825147,Active
No,No,Unemployed,No,4.0,602.0,2.0,0,0.5417087094932377,Active
No,No,Unemployed,No,0.0,0.0,0.0,0,0.570863732622023,Active
No,No,Unemployed,No,0.0,0.0,0.0,0,0.570863732622023,0
No,No,Working Professional,No,3.59771732332708,1721.0,2.465630081300813,1,0.9423469845460628,Active
No,No,Unemployed,No,3.59771732332708,759.0,2.465630081300813,1,0.7017393209822215,Active
No,No,Unemployed,No,0.0,0.0,0.0,1,0.570863732622023,1
No,No,Unemployed,Yes,3.0,1348.0,3.0,1,0.6772707851164194,Active
No,No,Unemployed,Yes,3.0,230.0,3.0,1,0.20597498624550065,Active
No,No,Unemployed,No,3.0,235.0,1.5,1,0.2511222548010739,Active
No,No,Working Professional,No,0.0,0.0,0.0,1,0.9303922153117223,1
No,No,Unemployed,No,0.0,0.0,0.0,0,0.570863732622023,0
No,No,Unemployed,No,0.0,0.0,0.0,0,0.570863732622023,Active
No,No,Unemployed,Yes,3.0,292.0,3.0,0,0.20597498624550065,Active
No,No,Unemployed,No,1.0,94.0,1.0,0,0.20498978615831434,Active
No,No,Working Professional,No,0.0,0.0,0.0,1,0.9303922153117223,Active
No,No,Working Professional,No,0.0,0.0,0.0,1,0.9303922153117223,1
No,No,Unemployed,No,0.0,0.0,0.0,1,0.570863732622023,1
No,No,Working Professional,No,4.0,1337.0,4.0,1,0.9705893739567957,1
No,No,Unemployed,No,3.59771732332708,1445.0,2.465630081300813,1,0.7230089902190163,Active
No,No,Working Professional,No,4.0,1588.0,4.0,1,0.9624812658486877,Active
No,No,Unemployed,No,0.0,0.0,0.0,0,0.570863732622023,Active
Yes,No,Unemployed,No,3.0,531.0,3.0,1,0.17370052627495505,1
No,No,Unemployed,No,3.0,1709.0,3.0,0,0.6815934669173531,Active
No,No,Unemployed,No,9.0,38.0,1.8,1,0.2736852842200367,1
No,No,Unemployed,Yes,2.0,119.0,2.0,0,0.1800531430825147,0
No,No,Unemployed,No,4.0,1029.0,4.0,0,0.7103826281931213,0
No,No,Unemployed,Yes,3.0,40.0,3.0,0,0.20597498624550065,Active
Yes,No,Unemployed,Yes,1.0,349.0,1.0,0,0.06068103317686929,Active
No,No,Unemployed,No,0.0,0.0,0.0,1,0.570863732622023,1
No,No,Unemployed,No,0.0,0.0,0.0,0,0.570863732622023,0
No,No,Unemployed,No,5.0,1591.0,5.0,1,0.7103826281931213,1
No,No,Unemployed,Yes,13.0,181.0,13.0,0,0.20590703482549358,Active
No,No,Working Professional,No,6.0,297.0,6.0,1,0.7833809510222004,1
No,No,Unemployed,No,0.0,0.0,0.0,1,0.570863732622023,1
No,No,Unemployed,No,2.0,1218.0,2.0,0,0.602877668011323,Active
No,No,Unemployed,Yes,2.0,181.0,2.0,0,0.1800531430825147,0
No,No,Unemployed,No,0.0,0.0,0.0,0,0.570863732622023,Active
No,No,Unemployed,Yes,2.0,31.0,2.0,0,0.18308807341273042,Active
No,No,Unemployed,No,4.0,395.0,2.0,0,0.2511451062267973,0
No,No,Working Professional,No,4.0,1264.0,4.0,1,0.9318598657600745,Active
No,No,Unemployed,No,4.0,27.0,4.0,0,0.23453141000446182,0
Yes,No,Student,No,0.0,0.0,0.0,0,0.3705426708159003,0
Yes,No,Unemployed,Yes,2.0,2.0,2.0,0,0.09293225770753391,Active
No,No,Unemployed,No,2.0,1734.0,2.0,1,0.6094447648252245,1
No,No,Unemployed,No,1.0,200.0,1.0,0,0.20498978615831434,Active
No,No,Unemployed,Yes,6.0,122.0,3.0,1,0.20390921634716194,Active
No,No,Unemployed,Yes,2.0,96.0,2.0,0,0.1800531430825147,Active
No,No,Unemployed,No,0.0,0.0,0.0,0,0.570863732622023,Active
Yes,No,Unemployed,Yes,1.0,156.0,1.0,0,0.05446261886173599,Active
No,No,Working Professional,No,0.0,0.0,0.0,1,0.9303922153117223,1
Yes,No,Working Professional,No,0.0,0.0,0.0,0,0.761653847525023,Active
No,No,Unemployed,No,11.0,1079.0,1.83,1,0.7276654224082955,1
No,No,Working Professional,Yes,6.0,109.0,6.0,1,0.8136267669725455,1
No,No,Unemployed,No,4.0,1558.0,4.0,1,0.7103826281931213,1
No,No,Unemployed,No,3.0,1325.0,1.5,1,0.6506712531520715,Active
Yes,No,Unemployed,No,1.0,237.0,1.0,0,0.07132766821451428,0
No,No,Unemployed,No,0.0,0.0,0.0,0,0.570863732622023,0
No,No,Unemployed,Yes,5.0,198.0,5.0,0,0.20390921634716194,Active
No,No,Unemployed,No,0.0,0.0,0.0,0,0.570863732622023,0
No,No,Unemployed,No,0.0,0.0,0.0,1,0.570863732622023,1
No,No,Unemployed,No,4.0,1622.0,4.0,0,0.7103826281931213,0
No,No,Unemployed,Yes,8.0,1400.0,4.0,1,0.7301759867864316,Active
No,No,Unemployed,Yes,5.0,44.0,5.0,1,0.20390921634716194,1
No,No,Unemployed,Yes,9.0,1164.0,4.5,1,0.7301759867864316,Active
No,No,Unemployed,Yes,4.0,448.0,4.0,1,0.23291381351069992,1
No,No,Unemployed,No,7.0,1468.0,3.5,1,0.7103826281931213,Active
No,No,Unemployed,No,4.0,120.0,1.0,0,0.2677806551438996,Active
No,No,Unemployed,Yes,3.0,313.0,3.0,0,0.20597498624550065,0
No,No,Unemployed,No,0.0,0.0,0.0,0,0.570863732622023,0
No,No,Working Professional,No,5.0,3.0,2.5,1,0.7736584836049657,1
No,No,Unemployed,No,6.0,1092.0,3.0,1,0.7145290869485186,1
No,No,Working Professional,No,14.0,1241.0,3.5,1,0.9458711751769912,Active
No,No,Unemployed,No,4.0,1524.0,2.0,0,0.7106466222159207,Active
No,No,Unemployed,No,3.0,10.0,3.0,0,0.24124875465716986,Active
No,No,Unemployed,No,5.0,977.0,5.0,1,0.7103826281931213,Active
No,No,Unemployed,Yes,3.0,243.0,3.0,0,0.20597498624550065,0
No,No,Unemployed,No,0.0,0.0,0.0,1,0.570863732622023,Active
No,No,Unemployed,No,2.0,1020.0,2.0,1,0.602877668011323,Active
No,No,Working Professional,No,4.0,1859.0,2.0,1,0.9552837250086545,Active
Yes,No,Unemployed,Yes,6.0,358.0,6.0,0,0.11122168378242359,0
No,No,Unemployed,No,4.0,48.0,4.0,0,0.23453141000446182,0
No,No,Unemployed,Yes,2.0,69.0,2.0,1,0.18308807341273042,1
No,No,Unemployed,No,2.0,1048.0,2.0,0,0.602877668011323,Active
Yes,No,Unemployed,Yes,11.0,33.0,3.67,0,0.11065396959329518,Active
No,No,Unemployed,No,0.0,0.0,0.0,0,0.570863732622023,0
No,No,Unemployed,No,3.0,1029.0,3.0,1,0.6750263701034517,1
No,No,Unemployed,No,2.0,1064.0,2.0,1,0.602877668011323,Active
No,No,Unemployed,Yes,3.0,406.0,1.5,0,0.2158484863894048,0
No,No,Unemployed,Yes,3.0,33.0,1.5,0,0.2158484863894048,0
No,No,Unemployed,No,5.0,674.0,2.5,0,0.6487756099975328,Active
No,No,Unemployed,Yes,3.0,219.0,3.0,0,0.20597498624550065,0
No,No,Unemployed,Yes,2.0,25.0,2.0,0,0.18308807341273042,Active
No,No,Unemployed,No,0.0,0.0,0.0,1,0.570863732622023,Active
No,No,Student,Yes,1.0,60.0,1.0,0,0.1814676964217635,0
No,No,Unemployed,No,6.0,365.0,3.0,0,0.23986645298797443,Active
No,No,Working Professional,No,3.0,355.0,3.0,0,0.7688675505715464,0
No,No,Unemployed,No,3.0,206.0,1.5,0,0.2511222548010739,0
No,No,Working Professional,No,0.0,0.0,0.0,1,0.9303922153117223,Active
No,No,Unemployed,No,2.0,682.0,2.0,1,0.5100813562814186,1
No,No,Unemployed,Yes,4.0,916.0,1.33,1,0.732896990584205,1
Yes,No,Unemployed,Yes,1.0,71.0,1.0,0,0.05749754919195169,Active
No,No,Working Professional,Yes,4.0,3.0,4.0,1,0.8005956053928693,1
No,No,Unemployed,No,0.0,0.0,0.0,0,0.570863732622023,Active
No,No,Unemployed,No,3.0,1528.0,3.0,1,0.6750263701034517,Active
No,No,Working Professional,No,0.0,0.0,0.0,1,0.9303922153117223,Active
No,No,Unemployed,No,9.0,1125.0,9.0,1,0.7053733318544486,1
No,No,Unemployed,Yes,6.0,94.0,2.0,0,0.22052291256949746,0
No,No,Unemployed,Yes,7.0,1014.0,3.5,1,0.7301759867864316,1
No,No,Unemployed,Yes,5.0,887.0,2.5,0,0.724682346246484,0
No,No,Unemployed,No,0.0,0.0,0.0,0,0.570863732622023,Active
No,No,Unemployed,Yes,2.0,290.0,2.0,0,0.1800531430825147,0
No,No,Unemployed,No,2.0,1122.0,2.0,1,0.602877668011323,Active
No,No,Unemployed,No,3.0,165.0,3.0,1,0.24124875465716986,1
No,No,Unemployed,No,0.0,0.0,0.0,1,0.570863732622023,Active
No,No,Unemployed,No,4.0,1194.0,4.0,1,0.7103826281931213,Active
No,No,Unemployed,No,2.0,1238.0,2.0,1,0.602877668011323,Active
No,No,Working Professional,Yes,4.0,1373.0,4.0,1,0.9833982836999426,Active
No,No,Unemployed,Yes,3.0,1281.0,3.0,1,0.6772707851164194,1
No,No,Unemployed,No,2.0,465.0,2.0,0,0.23565831013308597,Active
Yes,No,Unemployed,No,6.0,137.0,6.0,0,0.12987562484540713,Active
No,No,Unemployed,No,5.0,199.0,5.0,0,0.23986645298797443,Active
No,No,Unemployed,Yes,12.0,494.0,3.0,0,0.24259698742912428,Active
No,No,Unemployed,No,0.0,0.0,0.0,0,0.570863732622023,Active
No,No,Unemployed,No,7.0,1341.0,7.0,1,0.7053733318544486,Active
No,No,Unemployed,No,3.0,1160.0,3.0,1,0.6750263701034517,1
No,No,Unemployed,No,11.0,126.0,1.22,1,0.290320833137139,Active
No,No,Unemployed,No,1.0,362.0,1.0,0,0.20498978615831434,0
No,No,Unemployed,No,0.0,0.0,0.0,0,0.570863732622023,Active
Yes,No,Unemployed,No,4.0,383.0,4.0,0,0.13075899617702783,0
No,No,Unemployed,Yes,2.0,242.0,2.0,0,0.1800531430825147,0
No,No,Unemployed,No,2.0,88.0,1.0,0,0.2194744737936601,Active
No,No,Unemployed,Yes,6.0,30.0,6.0,0,0.20025633469948864,Active
No,No,Working Professional,No,0.0,0.0,0.0,1,0.9303922153117223,1
No,No,Unemployed,No,4.0,1074.0,2.0,1,0.7106466222159207,1
No,No,Unemployed,No,1.0,1058.0,1.0,1,0.6020789308441931,Active
No,No,Unemployed,No,3.59771732332708,289.0,2.465630081300813,0,0.25910861490569986,Active
No,No,Unemployed,Yes,4.0,246.0,4.0,0,0.20390921634716194,Active
No,No,Unemployed,No,5.0,171.0,1.67,1,0.25648014921030987,Active
No,No,Unemployed,Yes,4.0,51.0,4.0,0,0.20390921634716194,Active
No,No,Unemployed,No,3.59771732332708,1261.0,2.465630081300813,1,0.7230089902190163,Active
No,No,Unemployed,No,0.0,0.0,0.0,1,0.570863732622023,Active
No,No,Unemployed,No,0.0,0.0,0.0,1,0.570863732622023,Active
Yes,No,Unemployed,Yes,10.0,155.0,5.0,0,0.11065396959329518,0
No,No,Unemployed,No,4.0,1101.0,4.0,0,0.7103826281931213,Active
No,No,Unemployed,Yes,3.0,129.0,3.0,0,0.20597498624550065,Active
No,No,Unemployed,No,3.0,1570.0,1.5,0,0.6506712531520715,0
No,No,Working Professional,No,3.59771732332708,123.0,2.465630081300813,0,0.7409451746243091,Active
No,No,Unemployed,No,5.0,993.0,5.0,0,0.7103826281931213,Active
No,No,Unemployed,No,5.0,1063.0,2.5,1,0.7061450408958871,1
No,No,Unemployed,No,4.0,263.0,1.33,1,0.2511451062267973,Active
No,No,Unemployed,Yes,3.0,36.0,3.0,0,0.20597498624550065,0
No,No,Unemployed,No,11.0,1049.0,2.2,1,0.7446162011279995,1
No,No,Unemployed,No,4.0,75.0,4.0,0,0.23453141000446182,0
No,No,Unemployed,Yes,4.0,1446.0,4.0,1,0.7301759867864316,Active
No,No,Unemployed,No,4.0,1621.0,4.0,1,0.7103826281931213,1
No,No,Unemployed,No,0.0,0.0,0.0,0,0.570863732622023,Active
No,No,Unemployed,Yes,1.0,28.0,1.0,0,0.15678476262709892,Active
No,No,Unemployed,No,0.0,0.0,0.0,1,0.570863732622023,1
No,No,Unemployed,No,6.0,1178.0,3.0,0,0.7145290869485186,Active
No,No,Unemployed,No,2.0,951.0,2.0,0,0.602877668011323,0
No,No,Unemployed,No,3.0,983.0,3.0,0,0.6750263701034517,Active
No,No,Unemployed,No,3.0,152.0,3.0,0,0.24124875465716986,Active
No,No,Unemployed,No,0.0,0.0,0.0,1,0.570863732622023,Active
No,No,Unemployed,Yes,1.0,315.0,1.0,1,0.15374983229688324,Active
No,No,Student,No,0.0,0.0,0.0,1,0.3192413867630558,Active
No,No,Unemployed,Yes,4.0,1099.0,2.0,1,0.7203321259026416,Active
No,No,Unemployed,Yes,3.0,150.0,3.0,0,0.20597498624550065,Active
No,No,Unemployed,Yes,5.0,358.0,2.5,0,0.2221288434879802,0
No,No,Unemployed,Yes,5.0,294.0,5.0,0,0.20390921634716194,0
No,No,Unemployed,No,0.0,0.0,0.0,1,0.570863732622023,1
No,No,Unemployed,No,1.0,150.0,1.0,0,0.20498978615831434,0
No,No,Unemployed,No,0.0,0.0,0.0,1,0.570863732622023,Active
No,No,Unemployed,No,1.0,254.0,1.0,0,0.20498978615831434,0
No,No,Unemployed,No,3.0,536.0,3.0,0,0.3123210904260744,Active
No,No,Unemployed,No,14.0,354.0,14.0,0,0.28272744869311967,0
No,No,Unemployed,Yes,14.0,255.0,7.0,0,0.20590703482549358,0
No,No,Unemployed,Yes,3.0,1353.0,3.0,0,0.6772707851164194,0
No,No,Unemployed,Yes,6.0,1102.0,6.0,0,0.7251666904477587,Active
Yes,No,Unemployed,Yes,20.0,808.0,2.86,0,0.4423284386717534,0
No,No,Unemployed,Yes,4.0,887.0,4.0,1,0.7339382933968395,1
Yes,No,Unemployed,No,3.0,233.0,3.0,0,0.13593727862833996,0
No,No,Unemployed,No,0.0,0.0,0.0,0,0.570863732622023,Active
Yes,No,Unemployed,Yes,1.0,345.0,1.0,0,0.06068103317686929,0
No,No,Unemployed,Yes,1.0,55.0,1.0,0,0.15678476262709892,Active
No,No,Unemployed,No,0.0,0.0,0.0,0,0.570863732622023,Active
No,No,Unemployed,Yes,7.0,86.0,1.75,0,0.22929919416647357,Active
No,No,Unemployed,No,0.0,0.0,0.0,1,0.570863732622023,Active
No,No,Working Professional,No,2.0,857.0,2.0,1,0.9416101707488828,Active
Yes,No,Unemployed,Yes,1.0,832.0,1.0,0,0.2772905534271166,Active
No,No,Unemployed,No,0.0,0.0,0.0,0,0.570863732622023,Active
No,No,Unemployed,Yes,4.0,72.0,4.0,1,0.20390921634716194,1
No,No,Unemployed,No,0.0,0.0,0.0,1,0.570863732622023,Active
No,No,Unemployed,No,0.0,0.0,0.0,0,0.570863732622023,0
No,No,Student,No,3.0,450.0,1.5,0,0.3104415589433925,0
No,No,Working Professional,Yes,10.0,762.0,5.0,1,0.9867991206321799,1
No,No,Unemployed,No,3.0,405.0,3.0,0,0.24124875465716986,0
Yes,No,Unemployed,Yes,8.0,27.0,8.0,0,0.12139958362838292,0
No,No,Unemployed,Yes,2.0,1634.0,2.0,1,0.570167987080869,1
No,No,Unemployed,No,0.0,0.0,0.0,0,0.570863732622023,Active
No,No,Unemployed,No,4.0,938.0,4.0,0,0.7141449348035291,0
No,No,Unemployed,No,5.0,418.0,2.5,1,0.25808608012879264,Active
Yes,No,Unemployed,Yes,11.0,190.0,3.67,0,0.11375131472603857,0
No,No,Working Professional,No,0.0,0.0,0.0,1,0.9303922153117223,1
No,No,Unemployed,No,0.0,0.0,0.0,1,0.570863732622023,Active
No,No,Unemployed,No,0.0,0.0,0.0,0,0.570863732622023,Active
No,No,Unemployed,No,7.0,226.0,7.0,0,0.23621357134030113,Active
No,No,Unemployed,No,3.59771732332708,1262.0,2.465630081300813,1,0.7230089902190163,Active
No,No,Unemployed,No,23.0,1677.0,2.09,1,0.7446162011279995,Active
No,No,Unemployed,No,4.0,244.0,4.0,1,0.23453141000446182,1
No,No,Unemployed,Yes,6.0,721.0,1.5,1,0.710798977967595,1
No,No,Unemployed,No,5.0,383.0,5.0,0,0.23986645298797443,0
No,No,Unemployed,No,3.0,1360.0,1.5,1,0.6506712531520715,Active
No,No,Unemployed,Yes,3.0,500.0,3.0,0,0.24466275732746298,Active
No,No,Unemployed,No,0.0,0.0,0.0,1,0.570863732622023,Active
No,No,Student,No,0.0,0.0,0.0,0,0.3192413867630558,Active
No,No,Working Professional,Yes,4.0,634.0,4.0,1,0.9489864818366053,1
No,No,Unemployed,No,3.0,350.0,3.0,0,0.24124875465716986,Active
No,No,Unemployed,No,3.59771732332708,1458.0,2.465630081300813,1,0.7230089902190163,1
No,No,Student,No,4.0,324.0,4.0,1,0.3586328230396237,Active
No,No,Working Professional,No,14.0,1507.0,1.56,1,0.9799022945359074,1
Yes,No,Unemployed,Yes,2.0,267.0,2.0,0,0.0929946725100616,Active
No,No,Unemployed,No,0.0,0.0,0.0,1,0.570863732622023,Active
No,No,Unemployed,Yes,8.0,1408.0,4.0,1,0.7301759867864316,1
No,No,Working Professional,Yes,3.0,491.0,3.0,0,0.839526220409495,0
No,No,Working Professional,Yes,9.0,1242.0,9.0,1,0.9785611248298901,Active
No,No,Unemployed,Yes,2.0,931.0,2.0,1,0.5636008902669676,1
No,No,Unemployed,No,3.0,1905.0,3.0,1,0.6815934669173531,Active
No,No,Unemployed,Yes,2.0,1680.0,2.0,0,0.570167987080869,Active
No,No,Working Professional,No,6.0,1353.0,6.0,0,0.9841169951435761,0
No,No,Working Professional,Yes,2.0,1598.0,2.0,1,0.9327980592664619,1
No,No,Unemployed,No,1.0,339.0,1.0,0,0.20498978615831434,Active
No,No,Unemployed,No,2.0,227.0,2.0,0,0.2194744737936601,0
No,No,Working Professional,No,2.0,970.0,1.0,1,0.9481479599924159,1
No,No,Unemployed,No,4.0,701.0,4.0,1,0.6530131972947669,1
No,No,Unemployed,No,5.0,1.0,1.67,1,0.25648014921030987,1
No,No,Working Professional,No,3.0,1117.0,1.5,1,0.9449697872238938,Active
No,No,Unemployed,Yes,13.0,263.0,2.6,0,0.24549971406853058,0
No,No,Unemployed,No,1.0,126.0,1.0,0,0.20498978615831434,Active
No,No,Unemployed,No,0.0,0.0,0.0,1,0.570863732622023,1
No,No,Unemployed,No,0.0,0.0,0.0,1,0.570863732622023,1
No,No,Unemployed,No,0.0,0.0,0.0,0,0.570863732622023,Active
No,No,Working Professional,No,0.0,0.0,0.0,1,0.9303922153117223,1
No,No,Unemployed,No,4.0,187.0,2.0,0,0.2511451062267973,0
No,No,Working Professional,No,0.0,0.0,0.0,1,0.9303922153117223,Active
No,No,Unemployed,No,7.0,133.0,7.0,0,0.23621357134030113,0
No,No,Unemployed,No,0.0,0.0,0.0,1,0.570863732622023,Active
No,No,Unemployed,No,6.0,147.0,6.0,0,0.23621357134030113,0
No,No,Unemployed,No,14.0,148.0,14.0,0,0.28272744869311967,0
No,No,Unemployed,No,17.0,119.0,2.83,0,0.28145695070934307,Active
Yes,No,Student,No,2.0,550.0,2.0,0,0.17844760503609441,0
No,No,Unemployed,No,2.0,14.0,2.0,0,0.22250940412387585,0
No,No,Unemployed,No,4.0,1216.0,4.0,1,0.7103826281931213,1
No,No,Unemployed,No,3.0,431.0,3.0,0,0.26374534680075906,0
No,No,Unemployed,No,4.0,420.0,4.0,1,0.23453141000446182,1
No,No,Unemployed,No,4.0,185.0,4.0,0,0.23453141000446182,0
No,No,Unemployed,Yes,6.0,1742.0,6.0,0,0.7251666904477587,0
No,No,Unemployed,No,2.0,1157.0,2.0,1,0.602877668011323,1
No,No,Unemployed,Yes,5.0,152.0,5.0,0,0.20390921634716194,0
No,No,Unemployed,Yes,3.0,317.0,3.0,0,0.20597498624550065,0
No,No,Unemployed,No,7.0,1028.0,3.5,0,0.7103826281931213,Active
No,No,Unemployed,No,0.0,0.0,0.0,1,0.570863732622023,1
No,No,Unemployed,No,5.0,266.0,5.0,0,0.23986645298797443,0
No,No,Unemployed,No,8.0,1472.0,2.67,0,0.7061450408958871,Active
No,No,Unemployed,No,4.0,1494.0,4.0,1,0.7103826281931213,1
No,No,Unemployed,No,2.0,1608.0,2.0,1,0.602877668011323,1
No,No,Unemployed,Yes,9.0,40.0,3.0,1,0.20955991647316688,1
No,No,Unemployed,Yes,2.0,198.0,1.0,0,0.16823451993222896,0
No,No,Unemployed,No,3.0,1459.0,3.0,1,0.6750263701034517,Active
Yes,No,Unemployed,No,1.0,49.0,1.0,0,0.0712652534119866,Active
No,No,Working Professional,No,2.0,1112.0,2.0,1,0.9416101707488828,1
No,No,Unemployed,No,2.0,576.0,2.0,1,0.40937682535156455,1
No,No,Unemployed,Yes,2.0,327.0,2.0,0,0.1800531430825147,Active
No,No,Unemployed,No,0.0,0.0,0.0,1,0.570863732622023,Active
No,No,Student,No,0.0,0.0,0.0,1,0.3192413867630558,Active
No,No,Unemployed,No,0.0,0.0,0.0,1,0.570863732622023,Active
No,No,Unemployed,No,2.0,72.0,1.0,0,0.2194744737936601,Active
Yes,No,Unemployed,Yes,2.0,52.0,2.0,0,0.09293225770753391,Active
No,No,Unemployed,Yes,3.0,828.0,3.0,0,0.6647581460870968,Active
No,No,Unemployed,Yes,7.0,358.0,7.0,0,0.20025633469948864,0
No,No,Unemployed,Yes,2.0,1478.0,2.0,0,0.5636008902669676,0
No,No,Working Professional,Yes,5.0,1216.0,2.5,1,0.9930010451323408,1
No,No,Unemployed,Yes,3.0,166.0,3.0,0,0.20597498624550065,Active
Yes,No,Unemployed,Yes,3.0,396.0,3.0,0,0.11387942134077662,0
Yes,No,Unemployed,Yes,1.0,236.0,1.0,0,0.057559963994479345,Active
No,No,Working Professional,No,0.0,0.0,0.0,1,0.9303922153117223,1
No,No,Unemployed,No,4.0,439.0,4.0,0,0.25702800214805105,0
No,No,Unemployed,No,1.0,250.0,1.0,0,0.20498978615831434,0
No,No,Unemployed,No,3.0,623.0,3.0,0,0.5872909594012397,0
No,No,Unemployed,No,3.0,26.0,3.0,0,0.24124875465716986,Active
No,No,Unemployed,No,3.59771732332708,1012.0,2.465630081300813,1,0.7230089902190163,1
Yes,No,Unemployed,Yes,3.0,146.0,3.0,0,0.10766100702564331,0
No,No,Unemployed,No,3.59771732332708,266.0,2.465630081300813,1,0.25910861490569986,1
No,No,Working Professional,No,0.0,0.0,0.0,1,0.9303922153117223,1
Yes,No,Unemployed,No,0.0,0.0,0.0,1,0.6073985848859194,1
No,No,Unemployed,Yes,6.0,1086.0,2.0,1,0.7203321259026416,Active
No,No,Working Professional,No,2.0,1429.0,2.0,1,0.9448928190422224,Active
No,No,Unemployed,No,3.0,1395.0,1.5,0,0.6506712531520715,0
No,No,Unemployed,No,5.0,1205.0,5.0,1,0.7103826281931213,Active
No,No,Unemployed,No,4.0,228.0,4.0,0,0.23453141000446182,0
No,No,Unemployed,No,2.0,23.0,2.0,0,0.22250940412387585,0
No,No,Unemployed,Yes,3.0,899.0,3.0,0,0.6772707851164194,Active
No,No,Unemployed,No,2.0,189.0,2.0,1,0.2194744737936601,Active
No,No,Unemployed,No,0.0,0.0,0.0,1,0.570863732622023,Active
No,No,Unemployed,No,0.0,0.0,0.0,1,0.570863732622023,1
No,No,Unemployed,Yes,5.0,391.0,5.0,0,0.20390921634716194,Active
No,No,Unemployed,No,3.59771732332708,1413.0,2.465630081300813,1,0.7230089902190163,Active
No,No,Unemployed,No,0.0,0.0,0.0,1,0.570863732622023,1
No,No,Unemployed,No,1.0,598.0,1.0,1,0.38026919930493686,Active
No,No,Working Professional,No,0.0,0.0,0.0,1,0.9303922153117223,Active
Yes,No,Unemployed,Yes,3.0,111.0,3.0,0,0.10766100702564331,0
No,No,Unemployed,Yes,3.0,325.0,3.0,0,0.20597498624550065,0
No,No,Working Professional,Yes,4.0,1709.0,4.0,1,0.972909223210882,1
No,No,Working Professional,Yes,5.0,1491.0,2.5,1,0.9901659563527504,Active
No,No,Unemployed,No,0.0,0.0,0.0,1,0.570863732622023,1
Yes,No,Unemployed,No,8.0,129.0,8.0,0,0.1462719390064998,0
No,No,Unemployed,No,0.0,0.0,0.0,1,0.570863732622023,1
No,No,Unemployed,No,1.0,295.0,1.0,0,0.20498978615831434,0
Yes,No,Unemployed,Yes,5.0,181.0,5.0,0,0.10810061460003363,0
No,No,Student,No,4.0,1534.0,4.0,0,0.6543506894525936,Active
No,No,Working Professional,No,0.0,0.0,0.0,1,0.9303922153117223,1
No,No,Unemployed,No,0.0,0.0,0.0,1,0.570863732622023,1
No,No,Unemployed,No,0.0,0.0,0.0,1,0.570863732622023,Active
No,No,Unemployed,No,6.0,46.0,1.5,0,0.25648014921030987,Active
No,No,Unemployed,No,2.0,907.0,1.0,1,0.6311865568908208,Active
No,No,Unemployed,No,2.0,1871.0,1.0,1,0.6247118580390876,1
No,No,Unemployed,Yes,9.0,208.0,9.0,0,0.20590703482549358,0
Yes,No,Unemployed,No,9.0,898.0,4.5,1,0.47267967834779184,Active
No,No,Unemployed,No,0.0,0.0,0.0,1,0.570863732622023,Active
No,No,Businessman,No,0.0,0.0,0.0,1,0.6693003407159115,Active
Yes,No,Unemployed,No,2.0,125.0,2.0,0,0.10640686947343772,Active
No,No,Working Professional,No,5.0,1925.0,5.0,1,0.9704172317687103,1
No,No,Unemployed,No,2.0,1279.0,2.0,1,0.602877668011323,Active
No,No,Working Professional,No,0.0,0.0,0.0,1,0.9303922153117223,1
No,No,Student,Yes,2.0,660.0,2.0,0,0.48694645805847137,0
No,No,Unemployed,No,0.0,0.0,0.0,0,0.570863732622023,0
No,No,Unemployed,Yes,3.0,686.0,3.0,1,0.6049335062439095,Active
No,No,Unemployed,Yes,2.0,19.0,2.0,0,0.18308807341273042,Active
No,No,Unemployed,No,2.0,155.0,2.0,0,0.2194744737936601,Active
No,No,Unemployed,No,0.0,0.0,0.0,1,0.570863732622023,Active
No,No,Unemployed,No,0.0,0.0,0.0,0,0.570863732622023,0
No,No,Unemployed,No,0.0,0.0,0.0,1,0.570863732622023,1
No,No,Student,Yes,2.0,1532.0,2.0,1,0.6069450919210249,Active
No,No,Working Professional,No,5.0,1288.0,1.25,1,0.9799022945359074,1
No,No,Unemployed,Yes,5.0,934.0,2.5,1,0.724682346246484,1
No,No,Unemployed,No,4.0,976.0,4.0,1,0.7103826281931213,Active
No,No,Unemployed,No,13.0,594.0,4.33,0,0.4872877982960976,Active
No,No,Unemployed,No,5.0,467.0,2.5,1,0.29223853160174285,Active
No,No,Working Professional,No,3.59771732332708,341.0,2.465630081300813,1,0.7409451746243091,Active
Yes,No,Unemployed,Yes,5.0,174.0,5.0,1,0.10810061460003363,Active
No,No,Unemployed,No,0.0,0.0,0.0,1,0.570863732622023,Active
No,No,Unemployed,No,4.0,1234.0,1.33,1,0.7181625711792381,Active
No,No,Unemployed,No,2.0,306.0,2.0,0,0.2194744737936601,0
No,No,Unemployed,Yes,2.0,1266.0,2.0,0,0.5636008902669676,0
No,No,Unemployed,No,0.0,0.0,0.0,1,0.570863732622023,Active
No,No,Unemployed,Yes,18.0,264.0,6.0,0,0.20590703482549358,Active
Yes,No,Unemployed,No,0.0,0.0,0.0,1,0.6073985848859194,Active
No,No,Unemployed,No,5.0,1397.0,2.5,1,0.7061450408958871,Active
No,No,Unemployed,No,0.0,0.0,0.0,1,0.570863732622023,Active
No,No,Unemployed,No,6.0,94.0,6.0,0,0.23621357134030113,Active
No,No,Unemployed,No,4.0,208.0,4.0,0,0.23453141000446182,0
No,No,Unemployed,Yes,8.0,1198.0,2.0,1,0.7291084074996177,1
No,No,Unemployed,No,0.0,0.0,0.0,0,0.570863732622023,0
No,No,Unemployed,No,0.0,0.0,0.0,0,0.570863732622023,0
No,No,Unemployed,No,0.0,0.0,0.0,1,0.570863732622023,Active
No,No,Unemployed,No,0.0,0.0,0.0,0,0.570863732622023,0
No,No,Unemployed,No,3.0,94.0,1.5,1,0.2511222548010739,1
No,No,Unemployed,No,5.0,212.0,5.0,0,0.23986645298797443,Active
No,No,Unemployed,Yes,4.0,305.0,4.0,0,0.20390921634716194,Active
No,No,Unemployed,No,0.0,0.0,0.0,0,0.570863732622023,Active
No,No,Unemployed,No,1.0,186.0,1.0,0,0.20498978615831434,0
No,No,Unemployed,No,2.0,1615.0,2.0,0,0.602877668011323,0
No,No,Unemployed,No,0.0,0.0,0.0,1,0.570863732622023,Active
No,No,Unemployed,No,0.0,0.0,0.0,1,0.570863732622023,Active
No,No,Unemployed,Yes,5.0,107.0,2.5,0,0.2221288434879802,0
No,No,Unemployed,No,0.0,0.0,0.0,0,0.570863732622023,0
No,No,Unemployed,No,2.0,1745.0,2.0,0,0.6094447648252245,0
No,No,Unemployed,Yes,3.0,803.0,3.0,1,0.6647581460870968,Active
No,No,Unemployed,No,3.0,256.0,3.0,0,0.24124875465716986,Active
No,No,Unemployed,No,6.0,361.0,6.0,0,0.23621357134030113,0
No,No,Unemployed,No,3.0,45.0,3.0,0,0.24124875465716986,0
No,No,Unemployed,No,9.0,223.0,9.0,0,0.24186427146630604,0
No,No,Unemployed,No,0.0,0.0,0.0,1,0.570863732622023,1
No,No,Unemployed,No,3.0,170.0,1.5,1,0.2511222548010739,Active
No,No,Unemployed,No,4.0,1552.0,4.0,1,0.7103826281931213,1
No,No,Unemployed,No,4.0,255.0,4.0,0,0.23453141000446182,0
No,No,Unemployed,Yes,2.0,1566.0,2.0,0,0.5636008902669676,Active
No,No,Unemployed,No,0.0,0.0,0.0,0,0.570863732622023,0
No,No,Unemployed,No,5.0,240.0,5.0,0,0.23986645298797443,0
No,No,Unemployed,Yes,1.0,24.0,1.0,0,0.15678476262709892,Active
No,No,Working Professional,No,3.0,596.0,3.0,1,0.8801235751594216,1
No,No,Unemployed,No,0.0,0.0,0.0,1,0.570863732622023,Active
No,No,Unemployed,Yes,3.0,35.0,3.0,0,0.20597498624550065,0
No,No,Unemployed,Yes,3.0,94.0,1.5,0,0.2158484863894048,Active
No,No,Unemployed,Yes,11.0,78.0,5.5,0,0.20955991647316688,Active
No,No,Unemployed,Yes,18.0,1428.0,6.0,0,0.7334092090431574,0
No,No,Unemployed,No,4.0,852.0,4.0,1,0.7141449348035291,1
No,No,Unemployed,No,0.0,0.0,0.0,0,0.570863732622023,0
No,No,Unemployed,No,3.0,13.0,3.0,0,0.24124875465716986,0
No,No,Unemployed,No,0.0,0.0,0.0,1,0.570863732622023,1
No,No,Unemployed,Yes,6.0,115.0,6.0,0,0.20025633469948864,Active
No,No,Unemployed,No,2.0,252.0,2.0,0,0.2194744737936601,0
No,No,Unemployed,No,0.0,0.0,0.0,1,0.570863732622023,Active
No,No,Unemployed,Yes,4.0,337.0,4.0,0,0.20390921634716194,0
Yes,No,Unemployed,No,0.0,0.0,0.0,0,0.6073985848859194,0
No,No,Working Professional,No,3.59771732332708,205.0,2.465630081300813,1,0.7409451746243091,1
No,No,Unemployed,No,0.0,0.0,0.0,0,0.570863732622023,Active
No,No,Unemployed,Yes,4.0,1068.0,4.0,1,0.7301759867864316,Active
Yes,No,Unemployed,No,1.0,847.0,1.0,0,0.33766497120473055,0
No,No,Unemployed,Yes,3.0,112.0,3.0,1,0.20597498624550065,1
No,No,Unemployed,No,8.0,699.0,8.0,0,0.6274211941891769,0
No,No,Unemployed,No,7.0,1.0,7.0,0,0.23621357134030113,Active
No,No,Unemployed,No,0.0,0.0,0.0,1,0.570863732622023,1
No,No,Unemployed,Yes,2.0,1237.0,2.0,1,0.5636008902669676,Active
No,No,Working Professional,No,16.0,1448.0,1.78,1,0.9776522945359073,1
No,No,Unemployed,No,5.0,1320.0,5.0,1,0.7103826281931213,1
No,No,Unemployed,Yes,14.0,143.0,1.56,0,0.2377280475792242,0
No,No,Unemployed,No,3.0,52.0,3.0,0,0.24124875465716986,0
No,No,Unemployed,No,4.0,358.0,1.33,0,0.2511451062267973,0
No,No,Unemployed,Yes,14.0,1595.0,14.0,0,0.7334092090431574,0
No,No,Unemployed,No,0.0,0.0,0.0,1,0.570863732622023,Active
No,No,Unemployed,No,3.0,38.0,1.5,0,0.2511222548010739,0
No,No,Unemployed,No,3.0,236.0,1.5,0,0.2511222548010739,Active
No,No,Unemployed,No,3.0,1664.0,3.0,1,0.6815934669173531,Active
No,No,Unemployed,Yes,2.0,1089.0,2.0,1,0.5636008902669676,Active
No,No,Unemployed,Yes,2.0,33.0,2.0,0,0.18308807341273042,0
No,No,Unemployed,No,0.0,0.0,0.0,1,0.570863732622023,1
No,No,Unemployed,No,5.0,58.0,5.0,0,0.23986645298797443,0
No,No,Unemployed,No,4.0,409.0,4.0,1,0.23453141000446182,1
No,No,Unemployed,No,0.0,0.0,0.0,1,0.570863732622023,Active
No,No,Unemployed,Yes,3.0,291.0,3.0,0,0.20597498624550065,Active
No,No,Unemployed,Yes,6.0,353.0,6.0,0,0.20025633469948864,Active
No,No,Unemployed,No,6.0,798.0,6.0,1,0.6885529316979391,Active
No,No,Unemployed,Yes,2.0,497.0,2.0,0,0.20077229903095276,0
No,No,Unemployed,No,4.0,74.0,4.0,0,0.23453141000446182,0
No,No,Unemployed,No,5.0,1577.0,5.0,1,0.7103826281931213,Active
No,No,Unemployed,Yes,2.0,281.0,2.0,0,0.1800531430825147,Active
No,No,Unemployed,Yes,2.0,73.0,2.0,0,0.1800531430825147,0
Yes,No,Unemployed,Yes,12.0,1543.0,4.0,0,0.44550495329916207,Active
No,No,Unemployed,Yes,9.0,83.0,3.0,0,0.20955991647316688,0
No,No,Unemployed,No,4.0,153.0,4.0,0,0.23453141000446182,0
No,No,Unemployed,No,6.0,1408.0,3.0,1,0.7145290869485186,Active
No,No,Unemployed,No,3.0,101.0,3.0,0,0.24124875465716986,Active
No,No,Working Professional,Yes,2.0,1585.0,2.0,1,0.9327980592664619,Active
No,No,Unemployed,No,2.0,55.0,2.0,0,0.22250940412387585,0
No,No,Working Professional,No,3.0,489.0,3.0,1,0.8356322993540417,Active
No,No,Unemployed,Yes,4.0,339.0,4.0,0,0.20390921634716194,Active
No,No,Unemployed,Yes,6.0,135.0,6.0,0,0.20025633469948864,Active
No,No,Unemployed,No,0.0,0.0,0.0,0,0.570863732622023,Active
No,No,Unemployed,No,3.0,1372.0,3.0,1,0.6750263701034517,1
No,No,Unemployed,No,0.0,0.0,0.0,1,0.570863732622023,1
No,No,Unemployed,Yes,3.0,1321.0,3.0,0,0.6772707851164194,0
No,No,Unemployed,Yes,7.0,5.0,7.0,0,0.20025633469948864,0
No,No,Student,No,0.0,0.0,0.0,0,0.3192413867630558,Active
Yes,No,Unemployed,No,2.0,154.0,2.0,0,0.10640686947343772,Active
No,No,Unemployed,No,4.0,229.0,4.0,0,0.23453141000446182,Active
No,No,Unemployed,No,5.0,527.0,5.0,0,0.310938788756879,0
No,No,Unemployed,No,6.0,139.0,3.0,0,0.23986645298797443,0
No,No,Unemployed,No,2.0,1606.0,2.0,1,0.602877668011323,Active
No,No,Unemployed,No,2.0,928.0,2.0,1,0.602877668011323,Active
No,No,Unemployed,No,5.0,740.0,5.0,1,0.6891129589563264,Active
No,No,Unemployed,Yes,2.0,949.0,2.0,0,0.5636008902669676,0
No,No,Unemployed,No,2.0,133.0,2.0,0,0.2194744737936601,Active
Yes,No,Unemployed,No,4.0,43.0,2.0,0,0.13055046980367263,0
No,No,Unemployed,No,0.0,0.0,0.0,0,0.570863732622023,Active
No,No,Unemployed,No,3.59771732332708,1240.0,2.465630081300813,1,0.7230089902190163,Active
No,No,Working Professional,No,0.0,0.0,0.0,1,0.9303922153117223,1
No,No,Unemployed,No,5.0,651.0,5.0,0,0.6264095241013171,0
No,No,Unemployed,No,0.0,0.0,0.0,1,0.570863732622023,Active
No,No,Unemployed,No,2.0,11.0,2.0,0,0.22250940412387585,Active
No,No,Unemployed,No,0.0,0.0,0.0,0,0.570863732622023,Active
No,No,Unemployed,Yes,11.0,702.0,2.75,1,0.7099297894704892,1
No,No,Working Professional,No,2.0,1505.0,2.0,1,0.9448928190422224,Active
No,No,Unemployed,Yes,3.0,1243.0,3.0,0,0.6772707851164194,0
No,No,Unemployed,No,5.0,404.0,5.0,0,0.23986645298797443,Active
No,No,Unemployed,Yes,4.0,929.0,4.0,1,0.7339382933968395,1
No,No,Student,No,0.0,0.0,0.0,0,0.3192413867630558,0
No,No,Unemployed,Yes,5.0,469.0,5.0,1,0.23291381351069992,Active
No,No,Unemployed,No,7.0,1052.0,7.0,0,0.7053733318544486,0
No,No,Unemployed,No,5.0,883.0,5.0,1,0.7141449348035291,1
No,No,Unemployed,No,0.0,0.0,0.0,0,0.570863732622023,Active
No,No,Unemployed,No,3.0,1510.0,3.0,1,0.6750263701034517,1
No,No,Unemployed,No,2.0,122.0,2.0,0,0.2194744737936601,Active
No,No,Unemployed,Yes,7.0,1460.0,7.0,1,0.7251666904477587,Active
No,No,Unemployed,No,5.0,255.0,5.0,0,0.23986645298797443,Active
No,No,Unemployed,No,0.0,0.0,0.0,1,0.570863732622023,1
No,No,Unemployed,No,0.0,0.0,0.0,1,0.570863732622023,Active
No,No,Unemployed,Yes,7.0,298.0,2.33,0,0.2257082679616543,0
No,No,Unemployed,Yes,8.0,914.0,2.67,1,0.7297007060996051,1
No,No,Unemployed,Yes,2.0,216.0,2.0,0,0.1800531430825147,Active
No,No,Unemployed,No,5.0,28.0,2.5,0,0.25808608012879264,Active
No,No,Unemployed,No,3.0,195.0,3.0,1,0.24124875465716986,1
No,No,Unemployed,No,9.0,232.0,3.0,1,0.24551715311397934,1
No,No,Unemployed,No,11.0,964.0,2.75,1,0.7321077299458312,1
No,No,Unemployed,No,13.0,1659.0,4.33,1,0.71862514678852,1
No,No,Unemployed,Yes,9.0,272.0,9.0,0,0.20590703482549358,Active
No,No,Unemployed,Yes,2.0,21.0,2.0,0,0.18308807341273042,0
No,No,Unemployed,Yes,2.0,44.0,2.0,0,0.18308807341273042,0
No,No,Unemployed,Yes,5.0,1592.0,1.67,0,0.7203321259026416,Active
No,No,Working Professional,No,4.0,75.0,4.0,0,0.779639454423561,0
No,No,Working Professional,Yes,2.0,1119.0,2.0,1,0.9409402931230467,1
Yes,No,Working Professional,No,4.0,1269.0,2.0,1,0.9077254889272938,1
No,No,Unemployed,No,0.0,0.0,0.0,1,0.570863732622023,1
Yes,No,Unemployed,Yes,2.0,743.0,2.0,0,0.2475089518529244,Active
No,No,Unemployed,No,0.0,0.0,0.0,1,0.570863732622023,Active
No,No,Unemployed,No,2.0,111.0,2.0,0,0.2194744737936601,0
No,No,Unemployed,No,0.0,0.0,0.0,1,0.570863732622023,Active
No,No,Unemployed,No,0.0,0.0,0.0,0,0.570863732622023,Active
No,No,Working Professional,Yes,3.0,69.0,3.0,1,0.7978179664948154,Active
No,No,Working Professional,No,0.0,0.0,0.0,1,0.9303922153117223,1
No,No,Unemployed,Yes,5.0,1302.0,1.67,1,0.7203321259026416,1
No,No,Unemployed,Yes,1.0,1054.0,1.0,1,0.531411596853345,1
No,No,Unemployed,No,7.0,70.0,7.0,1,0.23621357134030113,Active
No,No,Unemployed,Yes,3.0,1011.0,3.0,1,0.6772707851164194,Active
No,No,Unemployed,No,3.59771732332708,300.0,2.465630081300813,0,0.25910861490569986,Active
No,No,Unemployed,No,3.0,885.0,1.5,1,0.6506712531520715,Active
No,No,Unemployed,No,10.0,212.0,3.33,0,0.24551715311397934,Active
No,No,Unemployed,No,2.0,1507.0,2.0,1,0.602877668011323,1
No,No,Unemployed,No,3.0,301.0,3.0,0,0.24124875465716986,Active
No,No,Unemployed,Yes,15.0,1042.0,15.0,0,0.7334092090431574,0
No,No,Unemployed,Yes,2.0,86.0,2.0,1,0.1800531430825147,1
No,No,Unemployed,No,4.0,182.0,4.0,0,0.23453141000446182,Active
No,No,Unemployed,No,4.0,90.0,1.33,0,0.2511451062267973,Active
No,No,Working Professional,Yes,2.0,1130.0,2.0,1,0.9409402931230467,Active
No,No,Unemployed,No,2.0,1609.0,2.0,1,0.602877668011323,Active
Yes,No,Unemployed,No,3.59771732332708,1606.0,2.465630081300813,1,0.4945327349328784,Active
No,No,Unemployed,No,0.0,0.0,0.0,1,0.570863732622023,1
No,No,Unemployed,No,7.0,1568.0,7.0,1,0.7053733318544486,1
No,No,Unemployed,No,4.0,102.0,4.0,0,0.23453141000446182,0
No,No,Unemployed,No,0.0,0.0,0.0,1,0.570863732622023,Active
No,No,Unemployed,Yes,5.0,100.0,5.0,1,0.20390921634716194,Active
No,No,Unemployed,No,3.0,26.0,3.0,0,0.24124875465716986,Active
No,No,Student,No,0.0,0.0,0.0,1,0.3192413867630558,1
Yes,No,Unemployed,Yes,4.0,203.0,4.0,0,0.10810061460003363,0
No,No,Unemployed,No,1.0,166.0,1.0,1,0.20498978615831434,Active
No,No,Unemployed,No,0.0,0.0,0.0,0,0.570863732622023,Active
No,No,Unemployed,Yes,2.0,160.0,2.0,0,0.1800531430825147,Active
No,No,Unemployed,No,4.0,18.0,4.0,0,0.23453141000446182,0
No,No,Unemployed,Yes,3.0,154.0,1.5,0,0.2158484863894048,Active
No,No,Working Professional,No,3.0,1499.0,3.0,1,0.9421920053944051,1
No,No,Unemployed,No,4.0,824.0,4.0,0,0.7141449348035291,Active
No,No,Unemployed,No,0.0,0.0,0.0,1,0.570863732622023,Active
No,No,Unemployed,No,2.0,543.0,2.0,0,0.2725781944290404,0
No,No,Unemployed,Yes,1.0,169.0,1.0,0,0.15374983229688324,0
No,No,Unemployed,No,4.0,1120.0,4.0,1,0.7103826281931213,Active
No,No,Unemployed,No,2.0,300.0,2.0,0,0.2194744737936601,Active
No,No,Unemployed,No,4.0,1874.0,4.0,1,0.7103826281931213,Active
No,No,Unemployed,No,4.0,947.0,2.0,1,0.7144089288263287,1
No,No,Unemployed,No,2.0,144.0,2.0,0,0.2194744737936601,Active
No,No,Working Professional,Yes,3.0,1039.0,3.0,1,0.9445456039833517,Active
No,No,Unemployed,Yes,3.0,66.0,3.0,0,0.20597498624550065,Active
No,No,Unemployed,No,0.0,0.0,0.0,0,0.570863732622023,Active
No,No,Working Professional,Yes,5.0,970.0,5.0,1,0.9958985598038795,1
No,No,Unemployed,No,2.0,910.0,1.0,0,0.6311865568908208,0
No,No,Unemployed,Yes,5.0,203.0,5.0,0,0.20390921634716194,Active
No,No,Unemployed,Yes,6.0,1027.0,3.0,1,0.7343224455418289,1
No,No,Unemployed,No,4.0,1221.0,4.0,1,0.7103826281931213,1
No,No,Unemployed,No,0.0,0.0,0.0,1,0.570863732622023,Active
No,No,Unemployed,No,0.0,0.0,0.0,1,0.570863732622023,Active
No,No,Unemployed,No,7.0,1098.0,2.33,0,0.7186535120780553,0
No,No,Unemployed,Yes,11.0,608.0,11.0,1,0.6254751991779124,Active
No,No,Unemployed,Yes,5.0,1388.0,1.67,1,0.7203321259026416,Active
No,No,Unemployed,No,2.0,306.0,1.0,1,0.2194744737936601,1
No,No,Unemployed,No,4.0,419.0,4.0,0,0.23453141000446182,0
No,No,Unemployed,No,0.0,0.0,0.0,0,0.570863732622023,0
No,No,Unemployed,Yes,7.0,875.0,1.75,1,0.7328707141100255,Active
No,No,Unemployed,No,2.0,8.0,1.0,0,0.22250940412387585,Active
No,No,Unemployed,No,2.0,1241.0,1.0,1,0.6311865568908208,1
No,No,Working Professional,No,4.0,1823.0,4.0,1,0.9568896105819299,1
No,No,Unemployed,No,5.0,106.0,5.0,0,0.23986645298797443,Active
No,No,Unemployed,Yes,7.0,171.0,2.33,0,0.2257082679616543,Active
No,No,Unemployed,Yes,4.0,1514.0,4.0,1,0.7301759867864316,1
No,No,Unemployed,Yes,2.0,335.0,2.0,0,0.1800531430825147,Active
No,No,Unemployed,No,5.0,498.0,5.0,0,0.28370207837934897,Active
No,No,Unemployed,No,0.0,0.0,0.0,0,0.570863732622023,0
No,No,Unemployed,No,0.0,0.0,0.0,1,0.570863732622023,1
No,No,Unemployed,No,4.0,130.0,4.0,1,0.23453141000446182,1
No,No,Unemployed,No,0.0,0.0,0.0,1,0.570863732622023,Active
No,No,Unemployed,No,0.0,0.0,0.0,0,0.570863732622023,Active
No,No,Working Professional,No,0.0,0.0,0.0,1,0.9303922153117223,1
No,No,Unemployed,No,0.0,0.0,0.0,1,0.570863732622023,Active
Yes,No,Unemployed,Yes,3.0,278.0,3.0,0,0.1107583521583867,Active
No,No,Unemployed,No,4.0,1055.0,4.0,1,0.7103826281931213,Active
No,No,Unemployed,No,0.0,0.0,0.0,0,0.570863732622023,0
No,No,Unemployed,No,4.0,439.0,4.0,0,0.25702800214805105,Active
No,No,Unemployed,Yes,20.0,1633.0,2.22,0,0.7593911998681886,Active
No,No,Unemployed,Yes,13.0,373.0,6.5,1,0.20590703482549358,Active
No,No,Unemployed,No,0.0,0.0,0.0,0,0.570863732622023,Active
No,No,Working Professional,Yes,2.0,1558.0,2.0,1,0.9397888489388156,Active
No,No,Unemployed,No,3.0,1621.0,3.0,1,0.6750263701034517,1
Yes,No,Unemployed,No,2.0,394.0,2.0,0,0.11262528378857099,0
No,No,Unemployed,No,2.0,25.0,1.0,1,0.22250940412387585,1
No,No,Unemployed,Yes,6.0,326.0,3.0,0,0.20390921634716194,0
No,No,Unemployed,No,0.0,0.0,0.0,1,0.570863732622023,Active
No,No,Unemployed,No,0.0,0.0,0.0,0,0.570863732622023,Active
No,No,Unemployed,Yes,8.0,1190.0,2.0,1,0.7291084074996177,1
No,No,Unemployed,Yes,3.0,158.0,3.0,0,0.20597498624550065,Active
Yes,No,Student,No,0.0,0.0,0.0,0,0.3705426708159003,0
No,No,Unemployed,Yes,1.0,944.0,1.0,1,0.531411596853345,Active
No,No,Unemployed,No,0.0,0.0,0.0,0,0.570863732622023,0
Yes,No,Unemployed,Yes,2.0,1157.0,2.0,0,0.36134404703080486,Active
No,No,Unemployed,No,2.0,588.0,2.0,1,0.40937682535156455,1
Yes,No,Unemployed,No,0.0,0.0,0.0,1,0.6073985848859194,Active
No,No,Unemployed,No,4.0,927.0,4.0,1,0.7141449348035291,1
No,No,Unemployed,Yes,6.0,9.0,6.0,0,0.20025633469948864,0
No,No,Unemployed,No,5.0,588.0,5.0,0,0.4708604158574792,Active
No,No,Unemployed,No,1.0,157.0,1.0,1,0.20498978615831434,1
No,No,Unemployed,No,0.0,0.0,0.0,1,0.570863732622023,1
No,No,Unemployed,No,2.0,199.0,1.0,0,0.2194744737936601,Active
No,No,Unemployed,No,3.0,7.0,3.0,1,0.24124875465716986,Active
No,No,Unemployed,Yes,5.0,66.0,2.5,0,0.2221288434879802,Active
No,No,Unemployed,No,0.0,0.0,0.0,1,0.570863732622023,Active
No,No,Unemployed,No,4.0,1219.0,1.0,1,0.7181625711792381,1
No,No,Unemployed,Yes,9.0,1932.0,9.0,0,0.7251666904477587,0
No,No,Unemployed,No,2.0,121.0,2.0,0,0.2194744737936601,Active
No,No,Unemployed,Yes,2.0,31.0,2.0,1,0.18308807341273042,Active
No,No,Unemployed,Yes,8.0,297.0,8.0,0,0.20590703482549358,0
No,No,Unemployed,No,2.0,513.0,1.0,0,0.24534148405151032,Active
No,No,Unemployed,No,2.0,1627.0,2.0,0,0.602877668011323,Active
No,No,Student,No,0.0,0.0,0.0,0,0.3192413867630558,Active
No,No,Unemployed,No,5.0,1013.0,5.0,1,0.7103826281931213,1
No,No,Unemployed,No,3.0,963.0,3.0,1,0.6750263701034517,1
No,No,Unemployed,Yes,11.0,529.0,5.5,0,0.2698336978066543,0
No,No,Unemployed,Yes,1.0,1462.0,1.0,0,0.531411596853345,Active
No,No,Unemployed,No,2.0,413.0,2.0,0,0.2194744737936601,0
Yes,No,Unemployed,No,3.0,251.0,1.5,0,0.14480518477740098,Active
No,No,Unemployed,No,12.0,341.0,3.0,1,0.24551715311397934,1
No,No,Unemployed,Yes,4.0,6.0,4.0,0,0.20390921634716194,0
No,No,Unemployed,Yes,1.0,118.0,1.0,0,0.15374983229688324,0
No,No,Unemployed,No,2.0,1300.0,2.0,1,0.602877668011323,1
No,No,Unemployed,No,9.0,1468.0,9.0,1,0.7053733318544486,1
No,No,Working Professional,No,4.0,605.0,2.0,1,0.8688098781419162,Active
Yes,No,Unemployed,No,3.0,1158.0,3.0,0,0.4766852541960289,0
No,No,Unemployed,Yes,1.0,300.0,1.0,0,0.15374983229688324,Active
No,No,Unemployed,No,4.0,1148.0,4.0,1,0.7103826281931213,1
No,No,Unemployed,No,3.0,336.0,1.5,0,0.2511222548010739,0
No,No,Working Professional,No,2.0,882.0,2.0,1,0.9416101707488828,Active
No,No,Unemployed,Yes,3.0,1795.0,1.5,0,0.6493749100723514,0
No,No,Unemployed,No,4.0,1387.0,4.0,1,0.7103826281931213,Active
No,No,Unemployed,No,0.0,0.0,0.0,1,0.570863732622023,Active
No,No,Unemployed,No,2.0,1081.0,2.0,1,0.602877668011323,Active
No,No,Unemployed,No,8.0,348.0,8.0,0,0.24186427146630604,Active
No,No,Unemployed,Yes,5.0,12.0,1.67,0,0.22052291256949746,Active
No,No,Unemployed,No,3.0,359.0,3.0,1,0.24124875465716986,1
No,No,Unemployed,Yes,14.0,171.0,7.0,0,0.20590703482549358,0
No,No,Unemployed,No,1.0,689.0,1.0,0,0.5017666701509713,0
No,No,Working Professional,No,3.0,1210.0,3.0,1,0.9389093571010655,Active
Yes,No,Unemployed,No,1.0,258.0,1.0,0,0.07132766821451428,0
No,No,Unemployed,No,0.0,0.0,0.0,0,0.570863732622023,0
No,No,Unemployed,Yes,6.0,555.0,6.0,0,0.35121298169413395,Active
No,No,Unemployed,Yes,6.0,1100.0,6.0,0,0.7251666904477587,Active
No,No,Unemployed,No,0.0,0.0,0.0,0,0.570863732622023,Active
No,No,Unemployed,No,0.0,0.0,0.0,1,0.570863732622023,1
Yes,No,Unemployed,Yes,4.0,937.0,4.0,0,0.44550495329916207,0
No,No,Unemployed,No,0.0,0.0,0.0,1,0.570863732622023,1
No,No,Unemployed,No,2.0,1628.0,2.0,1,0.602877668011323,1
No,No,Unemployed,No,8.0,58.0,2.67,0,0.2637367802547976,0
No,No,Working Professional,No,0.0,0.0,0.0,1,0.9303922153117223,Active
No,No,Unemployed,No,2.0,467.0,2.0,0,0.23565831013308597,0
No,No,Unemployed,No,0.0,0.0,0.0,1,0.570863732622023,1
No,No,Unemployed,No,13.0,1683.0,4.33,1,0.71862514678852,Active
No,No,Unemployed,No,5.0,261.0,5.0,0,0.23986645298797443,0
No,No,Unemployed,No,3.59771732332708,1427.0,2.465630081300813,1,0.7230089902190163,Active
No,No,Unemployed,No,2.0,18.0,2.0,0,0.22250940412387585,Active
No,No,Unemployed,No,2.0,1647.0,2.0,0,0.6094447648252245,Active
No,No,Unemployed,No,0.0,0.0,0.0,0,0.570863732622023,0
No,No,Unemployed,No,0.0,0.0,0.0,0,0.570863732622023,Active
No,No,Unemployed,No,0.0,0.0,0.0,1,0.570863732622023,Active
No,No,Unemployed,No,6.0,882.0,6.0,1,0.7091356384648564,1
No,No,Unemployed,No,0.0,0.0,0.0,1,0.570863732622023,Active
No,No,Unemployed,No,1.0,300.0,1.0,0,0.20498978615831434,0
No,No,Unemployed,Yes,5.0,146.0,2.5,1,0.2221288434879802,1
No,No,Unemployed,No,0.0,0.0,0.0,1,0.570863732622023,Active
No,No,Unemployed,No,0.0,0.0,0.0,1,0.570863732622023,1
No,No,Unemployed,No,1.0,235.0,1.0,0,0.20498978615831434,Active
No,No,Unemployed,No,0.0,0.0,0.0,0,0.570863732622023,0
No,No,Unemployed,No,2.0,234.0,2.0,0,0.2194744737936601,Active
No,No,Unemployed,No,3.0,151.0,3.0,0,0.24124875465716986,0
No,No,Unemployed,Yes,4.0,195.0,4.0,1,0.20390921634716194,1
No,No,Unemployed,Yes,3.0,372.0,3.0,0,0.20597498624550065,Active
No,No,Working Professional,No,3.59771732332708,1203.0,2.465630081300813,1,0.9460551259250771,Active
No,No,Unemployed,No,16.0,1482.0,1.23,1,0.735181371371613,1
No,No,Unemployed,No,5.0,60.0,5.0,0,0.23986645298797443,0
No,No,Unemployed,No,11.0,1129.0,2.2,1,0.7446162011279995,Active
No,No,Unemployed,No,0.0,0.0,0.0,0,0.570863732622023,Active
No,No,Unemployed,Yes,10.0,697.0,10.0,1,0.6626126846121893,1
No,No,Unemployed,No,4.0,1343.0,4.0,1,0.7103826281931213,Active
No,No,Working Professional,No,3.59771732332708,1313.0,2.465630081300813,1,0.9493377742184167,1
No,No,Unemployed,No,2.0,1528.0,2.0,1,0.602877668011323,Active
No,No,Unemployed,Yes,4.0,1944.0,2.0,1,0.7203321259026416,1
No,No,Unemployed,No,0.0,0.0,0.0,0,0.570863732622023,0
No,No,Unemployed,Yes,2.0,1429.0,2.0,0,0.5636008902669676,Active
No,No,Working Professional,No,0.0,0.0,0.0,1,0.9303922153117223,Active
No,No,Unemployed,No,2.0,1440.0,2.0,0,0.602877668011323,0
No,No,Unemployed,Yes,2.0,1372.0,2.0,0,0.5636008902669676,Active
No,No,Unemployed,No,5.0,167.0,5.0,0,0.23986645298797443,Active
No,No,Unemployed,Yes,3.0,180.0,3.0,0,0.20597498624550065,Active
No,No,Unemployed,No,0.0,0.0,0.0,1,0.570863732622023,1
No,No,Unemployed,No,6.0,161.0,1.5,1,0.25648014921030987,Active
No,No,Unemployed,Yes,2.0,1458.0,1.0,0,0.5931963882543034,Active
No,No,Unemployed,Yes,2.0,1521.0,2.0,1,0.5636008902669676,Active
No,No,Unemployed,Yes,9.0,540.0,9.0,0,0.266180816158981,0
No,No,Working Professional,No,4.0,1052.0,4.0,1,0.9689903702588154,Active
No,No,Unemployed,No,0.0,0.0,0.0,1,0.570863732622023,Active
No,No,Unemployed,Yes,2.0,274.0,2.0,0,0.1800531430825147,Active
No,No,Unemployed,No,0.0,0.0,0.0,0,0.570863732622023,Active
No,No,Unemployed,Yes,2.0,1380.0,2.0,0,0.5636008902669676,0
No,No,Unemployed,Yes,6.0,30.0,6.0,0,0.20025633469948864,Active
No,No,Working Professional,Yes,1.0,884.0,1.0,1,0.9512137145504879,1
No,No,Unemployed,No,2.0,154.0,2.0,1,0.2194744737936601,Active
No,No,Unemployed,No,6.0,1169.0,6.0,1,0.7053733318544486,1
No,No,Unemployed,No,2.0,114.0,2.0,0,0.2194744737936601,0
No,No,Unemployed,Yes,10.0,1341.0,3.33,1,0.7301759867864316,1
No,No,Unemployed,No,4.0,77.0,4.0,0,0.23453141000446182,0
No,No,Working Professional,Yes,2.0,811.0,2.0,1,0.9409402931230467,Active
Yes,No,Unemployed,Yes,2.0,329.0,2.0,0,0.0929946725100616,Active
No,No,Unemployed,No,3.0,1247.0,3.0,1,0.6750263701034517,1
No,No,Unemployed,No,3.0,1199.0,3.0,1,0.6750263701034517,1
No,No,Unemployed,Yes,1.0,1710.0,1.0,0,0.5249368980016118,Active
Yes,No,Unemployed,Yes,1.0,17.0,1.0,0,0.05749754919195169,Active
No,No,Unemployed,No,0.0,0.0,0.0,1,0.570863732622023,Active
No,No,Unemployed,No,4.0,1544.0,4.0,1,0.7103826281931213,Active
No,No,Unemployed,No,0.0,0.0,0.0,1,0.570863732622023,Active
No,No,Unemployed,No,2.0,139.0,1.0,0,0.2194744737936601,Active
No,No,Unemployed,No,0.0,0.0,0.0,1,0.570863732622023,Active
No,No,Student,Yes,3.0,473.0,1.5,1,0.28765738806065355,Active
No,No,Unemployed,No,8.0,1271.0,8.0,1,0.7053733318544486,1
No,No,Unemployed,No,5.0,1374.0,2.5,1,0.7061450408958871,Active
No,No,Unemployed,No,15.0,317.0,5.0,0,0.24551715311397934,Active
No,No,Unemployed,No,4.0,45.0,4.0,0,0.23453141000446182,0
No,No,Unemployed,No,0.0,0.0,0.0,0,0.570863732622023,0
No,No,Student,No,0.0,0.0,0.0,0,0.3192413867630558,Active
No,No,Unemployed,No,4.0,1503.0,2.0,1,0.7106466222159207,1
No,No,Unemployed,No,0.0,0.0,0.0,1,0.570863732622023,Active
No,No,Unemployed,No,0.0,0.0,0.0,1,0.570863732622023,Active
No,No,Unemployed,Yes,4.0,1385.0,4.0,1,0.7301759867864316,Active
No,No,Working Professional,No,3.0,1309.0,3.0,1,0.9421920053944051,1
No,No,Unemployed,No,1.0,192.0,1.0,0,0.20498978615831434,0
No,No,Unemployed,No,0.0,0.0,0.0,1,0.570863732622023,Active
No,No,Unemployed,No,2.0,375.0,2.0,0,0.2194744737936601,Active
No,No,Unemployed,No,4.0,771.0,4.0,0,0.6891129589563264,0
No,No,Unemployed,Yes,5.0,398.0,5.0,1,0.20390921634716194,1
No,No,Unemployed,Yes,11.0,1002.0,3.67,1,0.7384185053818303,Active
No,No,Student,No,0.0,0.0,0.0,1,0.3192413867630558,Active
No,No,Working Professional,No,3.0,166.0,1.5,1,0.7380169542684822,1
No,No,Unemployed,No,4.0,1670.0,4.0,1,0.7103826281931213,1
No,No,Unemployed,Yes,1.0,858.0,1.0,0,0.531411596853345,0
No,No,Unemployed,No,7.0,1141.0,1.75,1,0.7194229038128968,1
No,No,Working Professional,No,9.0,2125.0,3.0,1,0.9680041241405204,Active
No,No,Unemployed,Yes,4.0,32.0,2.0,0,0.22052291256949746,0
No,No,Unemployed,No,4.0,1554.0,4.0,1,0.7103826281931213,Active
No,No,Unemployed,No,0.0,0.0,0.0,0,0.570863732622023,Active
No,No,Student,Yes,7.0,229.0,3.5,1,0.37479129310075754,1
No,No,Unemployed,No,5.0,458.0,2.5,0,0.29223853160174285,Active
No,No,Unemployed,Yes,3.0,1409.0,1.5,0,0.6428078132584498,0
No,No,Student,No,2.0,69.0,2.0,0,0.22683677191608936,Active
No,No,Unemployed,Yes,2.0,590.0,2.0,0,0.37055172360047933,0
No,No,Unemployed,Yes,2.0,263.0,2.0,0,0.1800531430825147,0
No,No,Unemployed,No,2.0,252.0,1.0,1,0.2194744737936601,Active
No,No,Unemployed,No,0.0,0.0,0.0,1,0.570863732622023,1
No,No,Unemployed,No,3.0,1195.0,3.0,0,0.6750263701034517,0
